Symbol,Exchange
A,NYSE
AA,NYSE
AAC,NYSE
AAN,NYSE
AAP,NYSE
AAT,NYSE
AAV,NYSE
AB,NYSE
ABB,NYSE
ABBV,NYSE
ABC,NYSE
ABEV,NYSE
ABG,NYSE
ABM,NYSE
ABR,NYSE
ABR-A,NYSE
ABR-B,NYSE
ABR-C,NYSE
ABRN,NYSE
ABT,NYSE
ABX,NYSE
AC,NYSE
ACC,NYSE
ACCO,NYSE
ACH,NYSE
ACM,NYSE
ACN,NYSE
ACP,NYSE
ACRE,NYSE
ACV,NYSE
ADC,NYSE
ADM,NYSE
ADNT,NYSE
ADPT,NYSE
ADS,NYSE
ADSW,NYSE
ADX,NYSE
AEB,NYSE
AED,NYSE
AEE,NYSE
AEG,NYSE
AEH,NYSE
AEK,NYSE
AEL,NYSE
AEM,NYSE
AEO,NYSE
AEP,NYSE
AER,NYSE
AES,NYSE
AES-C,NYSE
AET,NYSE
AEUA,NYSE
AF,NYSE
AF-C,NYSE
AFA,NYSE
AFB,NYSE
AFC,NYSE
AFG,NYSE
AFGE,NYSE
AFGH,NYSE
AFI,NYSE
AFL,NYSE
AFS-A,NYSE
AFS-B,NYSE
AFS-C,NYSE
AFS-D,NYSE
AFS-E,NYSE
AFS-F,NYSE
AFSD,NYSE
AFSS,NYSE
AFST,NYSE
AFT,NYSE
AFW,NYSE
AG,NYSE
AGC,NYSE
AGCO,NYSE
AGD,NYSE
AGI,NYSE
AGM,NYSE
AGM-A,NYSE
AGM-B,NYSE
AGM.A,NYSE
AGN,NYSE
AGN-A,NYSE
AGO,NYSE
AGO-B,NYSE
AGO-E,NYSE
AGO-F,NYSE
AGR,NYSE
AGRO,NYSE
AGU,NYSE
AGX,NYSE
AHC,NYSE
AHH,NYSE
AHL,NYSE
AHL-B,NYSE
AHL-C,NYSE
AHL-D,NYSE
AHP,NYSE
AHT,NYSE
AHT-A,NYSE
AHT-D,NYSE
AHT-F,NYSE
AHT-G,NYSE
AI,NYSE
AIB,NYSE
AIC,NYSE
AIF,NYSE
AIG,NYSE
AIG.W,NYSE
AIN,NYSE
AIR,NYSE
AIT,NYSE
AIV,NYSE
AIY,NYSE
AIZ,NYSE
AJG,NYSE
AJRD,NYSE
AJX,NYSE
AKO.A,NYSE
AKO.B,NYSE
AKP,NYSE
AKR,NYSE
AKS,NYSE
AL,NYSE
ALB,NYSE
ALDW,NYSE
ALE,NYSE
ALEX,NYSE
ALG,NYSE
ALJ,NYSE
ALK,NYSE
ALL,NYSE
ALL-A,NYSE
ALL-B,NYSE
ALL-C,NYSE
ALL-D,NYSE
ALL-E,NYSE
ALL-F,NYSE
ALL-Y,NYSE
ALLE,NYSE
ALLY,NYSE
ALP-O,NYSE
ALR,NYSE
ALR-B,NYSE
ALSN,NYSE
ALV,NYSE
ALX,NYSE
AM,NYSE
AMBR,NYSE
AMC,NYSE
AME,NYSE
AMFW,NYSE
AMG,NYSE
AMH,NYSE
AMH-A,NYSE
AMH-B,NYSE
AMH-C,NYSE
AMH-D,NYSE
AMH-E,NYSE
AMID,NYSE
AMN,NYSE
AMOV,NYSE
AMP,NYSE
AMRC,NYSE
AMT,NYSE
AMT-A,NYSE
AMT-B,NYSE
AMX,NYSE
AN,NYSE
ANET,NYSE
ANF,NYSE
ANFI,NYSE
ANH,NYSE
ANH-A,NYSE
ANH-C,NYSE
ANTM,NYSE
ANTX,NYSE
ANW,NYSE
AOD,NYSE
AOI,NYSE
AON,NYSE
AOS,NYSE
AP,NYSE
APA,NYSE
APAM,NYSE
APB,NYSE
APC,NYSE
APD,NYSE
APF,NYSE
APFH,NYSE
APH,NYSE
APLE,NYSE
APO,NYSE
APTS,NYSE
APU,NYSE
AQN,NYSE
AR,NYSE
ARA,NYSE
ARC,NYSE
ARCH,NYSE
ARCO,NYSE
ARCX,NYSE
ARDC,NYSE
ARE,NYSE
ARE-A,NYSE
ARE-D,NYSE
ARE-E,NYSE
ARES,NYSE
ARH-C,NYSE
ARI,NYSE
ARI-A,NYSE
ARI-C,NYSE
ARL,NYSE
ARMK,NYSE
ARN-B,NYSE
ARNC,NYSE
AROC,NYSE
ARR,NYSE
ARR-A,NYSE
ARR-B,NYSE
ARU,NYSE
ARW,NYSE
ASA,NYSE
ASB,NYSE
ASB-C,NYSE
ASB-D,NYSE
ASC,NYSE
ASG,NYSE
ASGN,NYSE
ASH,NYSE
ASIX,NYSE
ASPN,NYSE
ASR,NYSE
ASX,NYSE
AT,NYSE
ATEN,NYSE
ATH,NYSE
ATHM,NYSE
ATI,NYSE
ATKR,NYSE
ATO,NYSE
ATR,NYSE
ATTO,NYSE
ATU,NYSE
ATV,NYSE
ATW,NYSE
AU,NYSE
AUO,NYSE
AUY,NYSE
AVA,NYSE
AVAL,NYSE
AVB,NYSE
AVD,NYSE
AVH,NYSE
AVK,NYSE
AVP,NYSE
AVT,NYSE
AVX,NYSE
AVY,NYSE
AWF,NYSE
AWH,NYSE
AWI,NYSE
AWK,NYSE
AWP,NYSE
AWR,NYSE
AXE,NYSE
AXL,NYSE
AXON,NYSE
AXP,NYSE
AXR,NYSE
AXS,NYSE
AXS-C,NYSE
AXS-D,NYSE
AXS-E,NYSE
AXTA,NYSE
AYI,NYSE
AYR,NYSE
AZN,NYSE
AZO,NYSE
AZRE,NYSE
AZZ,NYSE
B,NYSE
BA,NYSE
BABA,NYSE
BAC,NYSE
BAC-A,NYSE
BAC-C,NYSE
BAC-D,NYSE
BAC-E,NYSE
BAC-I,NYSE
BAC-L,NYSE
BAC-W,NYSE
BAC-Y,NYSE
BAC.A,NYSE
BAC.B,NYSE
BAF,NYSE
BAH,NYSE
BAK,NYSE
BAM,NYSE
BAN-C,NYSE
BAN-D,NYSE
BAN-E,NYSE
BANC,NYSE
BAP,NYSE
BAS,NYSE
BAX,NYSE
BBD,NYSE
BBDO,NYSE
BBF,NYSE
BBG,NYSE
BBK,NYSE
BBL,NYSE
BBN,NYSE
BBT,NYSE
BBT-D,NYSE
BBT-E,NYSE
BBT-F,NYSE
BBT-G,NYSE
BBT-H,NYSE
BBU,NYSE
BBVA,NYSE
BBW,NYSE
BBY,NYSE
BC,NYSE
BCC,NYSE
BCE,NYSE
BCEI,NYSE
BCH,NYSE
BCO,NYSE
BCR,NYSE
BCRH,NYSE
BCS,NYSE
BCS-A,NYSE
BCS-D,NYSE
BCX,NYSE
BDC,NYSE
BDC-B,NYSE
BDJ,NYSE
BDN,NYSE
BDN-E,NYSE
BDX,NYSE
BEL,NYSE
BEN,NYSE
BEP,NYSE
BERY,NYSE
BETR,NYSE
BF.A,NYSE
BF.B,NYSE
BFAM,NYSE
BFK,NYSE
BFO,NYSE
BFR,NYSE
BFS,NYSE
BFS-C,NYSE
BFZ,NYSE
BG,NYSE
BGB,NYSE
BGC,NYSE
BGCA,NYSE
BGE-B,NYSE
BGG,NYSE
BGH,NYSE
BGR,NYSE
BGS,NYSE
BGT,NYSE
BGX,NYSE
BGY,NYSE
BH,NYSE
BHE,NYSE
BHI,NYSE
BHK,NYSE
BHL,NYSE
BHLB,NYSE
BHP,NYSE
BID,NYSE
BIF,NYSE
BIG,NYSE
BIO,NYSE
BIO.B,NYSE
BIO.W,NYSE
BIOA,NYSE
BIP,NYSE
BIT,NYSE
BITA,NYSE
BJZ,NYSE
BK,NYSE
BK-C,NYSE
BKD,NYSE
BKE,NYSE
BKFS,NYSE
BKH,NYSE
BKHU,NYSE
BKK,NYSE
BKN,NYSE
BKS,NYSE
BKT,NYSE
BKU,NYSE
BLD,NYSE
BLH,NYSE
BLK,NYSE
BLL,NYSE
BLW,NYSE
BLX,NYSE
BMA,NYSE
BME,NYSE
BMI,NYSE
BML-G,NYSE
BML-H,NYSE
BML-I,NYSE
BML-J,NYSE
BML-L,NYSE
BMO,NYSE
BMS,NYSE
BMY,NYSE
BNED,NYSE
BNJ,NYSE
BNS,NYSE
BNY,NYSE
BOE,NYSE
BOH,NYSE
BOOT,NYSE
BORN,NYSE
BOX,NYSE
BOXC,NYSE
BP,NYSE
BPI,NYSE
BPK,NYSE
BPL,NYSE
BPT,NYSE
BPY,NYSE
BQH,NYSE
BR,NYSE
BRC,NYSE
BRFS,NYSE
BRK.A,NYSE
BRK.B,NYSE
BRO,NYSE
BRS,NYSE
BRSS,NYSE
BRT,NYSE
BRX,NYSE
BSAC,NYSE
BSBR,NYSE
BSD,NYSE
BSE,NYSE
BSL,NYSE
BSM,NYSE
BSMX,NYSE
BST,NYSE
BSX,NYSE
BT,NYSE
BTA,NYSE
BTE,NYSE
BTO,NYSE
BTT,NYSE
BTZ,NYSE
BUD,NYSE
BUI,NYSE
BURL,NYSE
BVN,NYSE
BW,NYSE
BWA,NYSE
BWG,NYSE
BWP,NYSE
BWXT,NYSE
BX,NYSE
BXC,NYSE
BXE,NYSE
BXMT,NYSE
BXMX,NYSE
BXP,NYSE
BXP-B,NYSE
BXS,NYSE
BYD,NYSE
BYM,NYSE
BZH,NYSE
C,NYSE
C-C,NYSE
C-J,NYSE
C-K,NYSE
C-L,NYSE
C-N,NYSE
C-P,NYSE
C-S,NYSE
C.A,NYSE
CAA,NYSE
CAB,NYSE
CABO,NYSE
CACI,NYSE
CAE,NYSE
CAF,NYSE
CAG,NYSE
CAH,NYSE
CAI,NYSE
CAJ,NYSE
CAL,NYSE
CALX,NYSE
CAPL,NYSE
CAT,NYSE
CATO,NYSE
CB,NYSE
CBA,NYSE
CBB,NYSE
CBB-B,NYSE
CBD,NYSE
CBG,NYSE
CBI,NYSE
CBK,NYSE
CBL,NYSE
CBL-D,NYSE
CBL-E,NYSE
CBM,NYSE
CBPX,NYSE
CBR,NYSE
CBS,NYSE
CBS.A,NYSE
CBT,NYSE
CBU,NYSE
CBZ,NYSE
CC,NYSE
CCC,NYSE
CCE,NYSE
CCI,NYSE
CCJ,NYSE
CCK,NYSE
CCL,NYSE
CCM,NYSE
CCO,NYSE
CCP,NYSE
CCS,NYSE
CCU,NYSE
CCV,NYSE
CDE,NYSE
CDI,NYSE
CDR,NYSE
CDR-B,NYSE
CE,NYSE
CEA,NYSE
CEB,NYSE
CEE,NYSE
CEL,NYSE
CELP,NYSE
CEM,NYSE
CEN,NYSE
CEO,NYSE
CEQP,NYSE
CF,NYSE
CFC-B,NYSE
CFG,NYSE
CFI,NYSE
CFR,NYSE
CFR-A,NYSE
CFX,NYSE
CGA,NYSE
CGG,NYSE
CGI,NYSE
CHA,NYSE
CHCT,NYSE
CHD,NYSE
CHE,NYSE
CHGG,NYSE
CHH,NYSE
CHK,NYSE
CHK-D,NYSE
CHKR,NYSE
CHL,NYSE
CHMI,NYSE
CHMT,NYSE
CHN,NYSE
CHS,NYSE
CHS-A,NYSE
CHSP,NYSE
CHT,NYSE
CHU,NYSE
CI,NYSE
CIA,NYSE
CIB,NYSE
CIE,NYSE
CIEN,NYSE
CIF,NYSE
CIG,NYSE
CIG.C,NYSE
CII,NYSE
CIM,NYSE
CIM-A,NYSE
CINR,NYSE
CIO,NYSE
CIO-A,NYSE
CIR,NYSE
CIT,NYSE
CIVI,NYSE
CKH,NYSE
CL,NYSE
CLA,NYSE
CLB,NYSE
CLC,NYSE
CLD,NYSE
CLDT,NYSE
CLF,NYSE
CLGX,NYSE
CLH,NYSE
CLI,NYSE
CLN-A,NYSE
CLN-B,NYSE
CLN-C,NYSE
CLNS,NYSE
CLR,NYSE
CLS,NYSE
CLW,NYSE
CLX,NYSE
CM,NYSE
CMA,NYSE
CMA.W,NYSE
CMC,NYSE
CMCM,NYSE
CMD,NYSE
CMG,NYSE
CMI,NYSE
CMO,NYSE
CMO-E,NYSE
CMP,NYSE
CMR-B,NYSE
CMR-C,NYSE
CMR-D,NYSE
CMRE,NYSE
CMS,NYSE
CMS-B,NYSE
CMU,NYSE
CNA,NYSE
CNC,NYSE
CNCO,NYSE
CNDT,NYSE
CNHI,NYSE
CNI,NYSE
CNK,NYSE
CNNX,NYSE
CNO,NYSE
CNP,NYSE
CNQ,NYSE
CNS,NYSE
CNX,NYSE
CNXC,NYSE
CO,NYSE
CODI,NYSE
COE,NYSE
COF,NYSE
COF-C,NYSE
COF-D,NYSE
COF-F,NYSE
COF-G,NYSE
COF-H,NYSE
COF-P,NYSE
COF.W,NYSE
COG,NYSE
COH,NYSE
COL,NYSE
COO,NYSE
COP,NYSE
COR,NYSE
COR-A,NYSE
COR-Z,NYSE
CORR,NYSE
COT,NYSE
COTV,NYSE
COTY,NYSE
CP,NYSE
CPA,NYSE
CPAC,NYSE
CPB,NYSE
CPE,NYSE
CPE-A,NYSE
CPF,NYSE
CPG,NYSE
CPK,NYSE
CPL,NYSE
CPN,NYSE
CPPL,NYSE
CPS,NYSE
CPT,NYSE
CR,NYSE
CRC,NYSE
CRCM,NYSE
CRD.A,NYSE
CRD.B,NYSE
CRH,NYSE
CRI,NYSE
CRK,NYSE
CRL,NYSE
CRM,NYSE
CRR,NYSE
CRS,NYSE
CRT,NYSE
CRY,NYSE
CS,NYSE
CSC,NYSE
CSL,NYSE
CSLT,NYSE
CSRA,NYSE
CSS,NYSE
CST,NYSE
CSTM,NYSE
CSU,NYSE
CSV,NYSE
CTAA,NYSE
CTB,NYSE
CTBB,NYSE
CTL,NYSE
CTLT,NYSE
CTR,NYSE
CTS,NYSE
CTT,NYSE
CTU,NYSE
CTV,NYSE
CTW,NYSE
CTX,NYSE
CTY,NYSE
CTZ,NYSE
CUB,NYSE
CUB-C,NYSE
CUB-D,NYSE
CUB-F,NYSE
CUBE,NYSE
CUBI,NYSE
CUBS,NYSE
CUDA,NYSE
CUK,NYSE
CUZ,NYSE
CVA,NYSE
CVE,NYSE
CVEO,NYSE
CVG,NYSE
CVI,NYSE
CVO,NYSE
CVRR,NYSE
CVS,NYSE
CVX,NYSE
CW,NYSE
CWEI,NYSE
CWH,NYSE
CWT,NYSE
CX,NYSE
CXE,NYSE
CXH,NYSE
CXO,NYSE
CXP,NYSE
CXW,NYSE
CYD,NYSE
CYH,NYSE
CYS,NYSE
CYS-A,NYSE
CYS-B,NYSE
CZZ,NYSE
D,NYSE
DAC,NYSE
DAL,NYSE
DAN,NYSE
DAR,NYSE
DATA,NYSE
DB,NYSE
DBD,NYSE
DBL,NYSE
DCA,NYSE
DCI,NYSE
DCM,NYSE
DCO,NYSE
DCT,NYSE
DCUC,NYSE
DCUD,NYSE
DD,NYSE
DD-A,NYSE
DD-B,NYSE
DDC,NYSE
DDD,NYSE
DDE,NYSE
DDF,NYSE
DDR,NYSE
DDR-J,NYSE
DDR-K,NYSE
DDS,NYSE
DDT,NYSE
DE,NYSE
DEA,NYSE
DECK,NYSE
DEI,NYSE
DEL,NYSE
DEO,NYSE
DEX,NYSE
DF,NYSE
DFIN,NYSE
DFP,NYSE
DFS,NYSE
DFS-B,NYSE
DFT,NYSE
DFT-C,NYSE
DG,NYSE
DGI,NYSE
DGX,NYSE
DHF,NYSE
DHG,NYSE
DHI,NYSE
DHR,NYSE
DHT,NYSE
DHX,NYSE
DIAX,NYSE
DIN,NYSE
DIS,NYSE
DK,NYSE
DKL,NYSE
DKS,NYSE
DKT,NYSE
DL,NYSE
DLB,NYSE
DLN-A,NYSE
DLNG,NYSE
DLPH,NYSE
DLR,NYSE
DLR-F,NYSE
DLR-G,NYSE
DLR-H,NYSE
DLR-I,NYSE
DLX,NYSE
DM,NYSE
DMB,NYSE
DMO,NYSE
DNB,NYSE
DNI,NYSE
DNOW,NYSE
DNP,NYSE
DNR,NYSE
DO,NYSE
DOC,NYSE
DOOR,NYSE
DOV,NYSE
DOW,NYSE
DPG,NYSE
DPLO,NYSE
DPM,NYSE
DPS,NYSE
DPZ,NYSE
DQ,NYSE
DRA,NYSE
DRD,NYSE
DRE,NYSE
DRH,NYSE
DRI,NYSE
DRQ,NYSE
DRUA,NYSE
DS,NYSE
DSE,NYSE
DSL,NYSE
DSM,NYSE
DST,NYSE
DSU,NYSE
DSW,NYSE
DSX,NYSE
DSX-B,NYSE
DSXN,NYSE
DTE,NYSE
DTF,NYSE
DTJ,NYSE
DTK,NYSE
DTL.P,NYSE
DTQ,NYSE
DTV,NYSE
DTY,NYSE
DUC,NYSE
DUK,NYSE
DUKH,NYSE
DV,NYSE
DVA,NYSE
DVD,NYSE
DVMT,NYSE
DVN,NYSE
DX,NYSE
DX-A,NYSE
DX-B,NYSE
DXB,NYSE
DY,NYSE
DYN,NYSE
DYN-A,NYSE
DYN.W,NYSE
DYNC,NYSE
E,NYSE
EAB,NYSE
EAE,NYSE
EAI,NYSE
EARN,NYSE
EAT,NYSE
EBF,NYSE
EBR,NYSE
EBR.B,NYSE
EBS,NYSE
EC,NYSE
ECA,NYSE
ECC,NYSE
ECCA,NYSE
ECCB,NYSE
ECCZ,NYSE
ECL,NYSE
ECOM,NYSE
ECR,NYSE
ECT,NYSE
ED,NYSE
EDD,NYSE
EDF,NYSE
EDI,NYSE
EDN,NYSE
EDR,NYSE
EDU,NYSE
EE,NYSE
EEA,NYSE
EEP,NYSE
EEQ,NYSE
EFC,NYSE
EFF,NYSE
EFR,NYSE
EFT,NYSE
EFX,NYSE
EGF,NYSE
EGIF,NYSE
EGL,NYSE
EGN,NYSE
EGO,NYSE
EGP,NYSE
EGY,NYSE
EHI,NYSE
EHIC,NYSE
EHT,NYSE
EIG,NYSE
EIX,NYSE
EL,NYSE
ELC,NYSE
ELF,NYSE
ELJ,NYSE
ELLI,NYSE
ELP,NYSE
ELS,NYSE
ELS-C,NYSE
ELU,NYSE
ELY,NYSE
EMD,NYSE
EME,NYSE
EMES,NYSE
EMF,NYSE
EMG,NYSE
EMN,NYSE
EMO,NYSE
EMP,NYSE
EMR,NYSE
ENB,NYSE
ENBL,NYSE
ENH,NYSE
ENH-C,NYSE
ENIA,NYSE
ENIC,NYSE
ENJ,NYSE
ENLC,NYSE
ENLK,NYSE
ENO,NYSE
ENR,NYSE
ENS,NYSE
ENV,NYSE
ENVA,NYSE
ENZ,NYSE
EOCC,NYSE
EOD,NYSE
EOG,NYSE
EOI,NYSE
EOS,NYSE
EOT,NYSE
EP-C,NYSE
EPAM,NYSE
EPC,NYSE
EPD,NYSE
EPE,NYSE
EPR,NYSE
EPR-C,NYSE
EPR-E,NYSE
EPR-F,NYSE
EQC,NYSE
EQC-D,NYSE
EQCO,NYSE
EQGP,NYSE
EQM,NYSE
EQR,NYSE
EQS,NYSE
EQT,NYSE
EQY,NYSE
ERA,NYSE
ERF,NYSE
ERJ,NYSE
EROS,NYSE
ES,NYSE
ESE,NYSE
ESL,NYSE
ESNT,NYSE
ESRT,NYSE
ESS,NYSE
ESV,NYSE
ETB,NYSE
ETE,NYSE
ETG,NYSE
ETH,NYSE
ETJ,NYSE
ETM,NYSE
ETN,NYSE
ETO,NYSE
ETP,NYSE
ETR,NYSE
ETV,NYSE
ETW,NYSE
ETX,NYSE
ETY,NYSE
EURN,NYSE
EV,NYSE
EVA,NYSE
EVC,NYSE
EVE-A,NYSE
EVER,NYSE
EVF,NYSE
EVG,NYSE
EVH,NYSE
EVHC,NYSE
EVN,NYSE
EVR,NYSE
EVRI,NYSE
EVT,NYSE
EVTC,NYSE
EW,NYSE
EXAR,NYSE
EXC,NYSE
EXCU,NYSE
EXD,NYSE
EXG,NYSE
EXK,NYSE
EXP,NYSE
EXPR,NYSE
EXR,NYSE
EXTN,NYSE
EZT,NYSE
F,NYSE
FAC,NYSE
FAF,NYSE
FAM,NYSE
FBC,NYSE
FBHS,NYSE
FBK,NYSE
FBP,NYSE
FBR,NYSE
FC,NYSE
FCAU,NYSE
FCB,NYSE
FCE.A,NYSE
FCE.B,NYSE
FCF,NYSE
FCFS,NYSE
FCH,NYSE
FCH-A,NYSE
FCN,NYSE
FCPT,NYSE
FCT,NYSE
FCX,NYSE
FDC,NYSE
FDEU,NYSE
FDP,NYSE
FDS,NYSE
FDX,NYSE
FE,NYSE
FEI,NYSE
FELP,NYSE
FENG,NYSE
FEO,NYSE
FET,NYSE
FF,NYSE
FFA,NYSE
FFC,NYSE
FFG,NYSE
FGB,NYSE
FGL,NYSE
FGP,NYSE
FHN,NYSE
FHN-A,NYSE
FHY,NYSE
FI,NYSE
FICO,NYSE
FIF,NYSE
FIG,NYSE
FII,NYSE
FIS,NYSE
FIT,NYSE
FIV,NYSE
FIX,NYSE
FL,NYSE
FLC,NYSE
FLO,NYSE
FLOW,NYSE
FLR,NYSE
FLS,NYSE
FLT,NYSE
FLY,NYSE
FMC,NYSE
FMN,NYSE
FMO,NYSE
FMS,NYSE
FMSA,NYSE
FMX,NYSE
FMY,NYSE
FN,NYSE
FNB,NYSE
FNB-E,NYSE
FNF,NYSE
FNFV,NYSE
FNV,NYSE
FOE,NYSE
FOF,NYSE
FOR,NYSE
FPF,NYSE
FPI,NYSE
FPL,NYSE
FPO,NYSE
FPT,NYSE
FR,NYSE
FRA,NYSE
FRC,NYSE
FRC-A,NYSE
FRC-B,NYSE
FRC-C,NYSE
FRC-D,NYSE
FRC-E,NYSE
FRC-F,NYSE
FRC-G,NYSE
FRO,NYSE
FRT,NYSE
FSB,NYSE
FSCE,NYSE
FSD,NYSE
FSIC,NYSE
FSM,NYSE
FSS,NYSE
FT,NYSE
FTAI,NYSE
FTI,NYSE
FTK,NYSE
FTS,NYSE
FTV,NYSE
FUL,NYSE
FUN,NYSE
G,NYSE
GAB,NYSE
GAB-D,NYSE
GAB-G,NYSE
GAB-H,NYSE
GAB-J,NYSE
GAM,NYSE
GAM-B,NYSE
GATX,NYSE
GBAB,NYSE
GBL,NYSE
GBX,NYSE
GCAP,NYSE
GCH,NYSE
GCI,NYSE
GCO,NYSE
GCP,NYSE
GCV,NYSE
GCV-B,NYSE
GD,NYSE
GDDY,NYSE
GDL,NYSE
GDL-B,NYSE
GDO,NYSE
GDOT,NYSE
GDV,NYSE
GDV-A,NYSE
GDV-D,NYSE
GDV-G,NYSE
GE,NYSE
GEB,NYSE
GEF,NYSE
GEF.B,NYSE
GEH,NYSE
GEK,NYSE
GEL,NYSE
GEN,NYSE
GEO,NYSE
GEQ,NYSE
GER,NYSE
GES,NYSE
GF,NYSE
GFA,NYSE
GFF,NYSE
GFI,NYSE
GFY,NYSE
GG,NYSE
GGB,NYSE
GGE,NYSE
GGG,NYSE
GGM,NYSE
GGP,NYSE
GGP-A,NYSE
GGT,NYSE
GGT-B,NYSE
GGZ,NYSE
GGZ-A,NYSE
GHC,NYSE
GHL,NYSE
GHM,NYSE
GHY,NYSE
GIB,NYSE
GIL,NYSE
GIM,NYSE
GIMO,NYSE
GIS,NYSE
GJH,NYSE
GJS,NYSE
GJV,NYSE
GKOS,NYSE
GLF,NYSE
GLO-A,NYSE
GLOB,NYSE
GLOG,NYSE
GLOP,NYSE
GLP,NYSE
GLT,NYSE
GLW,NYSE
GM,NYSE
GM.B,NYSE
GME,NYSE
GMED,NYSE
GMRE,NYSE
GMS,NYSE
GMTA,NYSE
GMZ,NYSE
GNC,NYSE
GNE,NYSE
GNK,NYSE
GNL,NYSE
GNRC,NYSE
GNRT,NYSE
GNT,NYSE
GNW,NYSE
GOF,NYSE
GOL,NYSE
GOLF,NYSE
GPC,NYSE
GPE-A,NYSE
GPI,NYSE
GPK,NYSE
GPM,NYSE
GPN,NYSE
GPRK,NYSE
GPS,NYSE
GPT,NYSE
GPT-A,NYSE
GPX,NYSE
GRA,NYSE
GRAM,NYSE
GRP.U,NYSE
GRR,NYSE
GRUB,NYSE
GRX,NYSE
GRX-A,NYSE
GRX-B,NYSE
GS,NYSE
GS-A,NYSE
GS-B,NYSE
GS-C,NYSE
GS-D,NYSE
GS-I,NYSE
GS-J,NYSE
GS-K,NYSE
GS-N,NYSE
GSBD,NYSE
GSH,NYSE
GSK,NYSE
GSL,NYSE
GSL-B,NYSE
GTN,NYSE
GTN.A,NYSE
GTS,NYSE
GTT,NYSE
GTY,NYSE
GUT,NYSE
GUT-A,NYSE
GUT-C,NYSE
GVA,NYSE
GWB,NYSE
GWR,NYSE
GWRE,NYSE
GWW,NYSE
GXP,NYSE
GXP-B,NYSE
GYB,NYSE
GYC,NYSE
GZT,NYSE
H,NYSE
HAE,NYSE
HAL,NYSE
HAR,NYSE
HASI,NYSE
HBI,NYSE
HBM,NYSE
HBM.W,NYSE
HCA,NYSE
HCI,NYSE
HCJ,NYSE
HCLP,NYSE
HCN,NYSE
HCN-I,NYSE
HCN-J,NYSE
HCP,NYSE
HD,NYSE
HDB,NYSE
HE,NYSE
HEI,NYSE
HEI.A,NYSE
HEP,NYSE
HEQ,NYSE
HES,NYSE
HES-A,NYSE
HF,NYSE
HFC,NYSE
HGG,NYSE
HGH,NYSE
HGT,NYSE
HGV,NYSE
HHC,NYSE
HHS,NYSE
HI,NYSE
HIE,NYSE
HIFR,NYSE
HIG,NYSE
HIG.W,NYSE
HII,NYSE
HIL,NYSE
HIO,NYSE
HIVE,NYSE
HIW,NYSE
HIX,NYSE
HJV,NYSE
HK,NYSE
HL,NYSE
HLF,NYSE
HLI,NYSE
HLS,NYSE
HLT,NYSE
HLX,NYSE
HMC,NYSE
HMLP,NYSE
HMN,NYSE
HMY,NYSE
HNI,NYSE
HNP,NYSE
HNR,NYSE
HOG,NYSE
HOME,NYSE
HON,NYSE
HOS,NYSE
HOV,NYSE
HP,NYSE
HPE,NYSE
HPF,NYSE
HPI,NYSE
HPP,NYSE
HPQ,NYSE
HPS,NYSE
HQH,NYSE
HQL,NYSE
HR,NYSE
HRB,NYSE
HRC,NYSE
HRG,NYSE
HRI,NYSE
HRL,NYSE
HRS,NYSE
HRTG,NYSE
HSB-A,NYSE
HSBC,NYSE
HSC,NYSE
HSEA,NYSE
HSEB,NYSE
HST,NYSE
HSY,NYSE
HT,NYSE
HT-D,NYSE
HT-E,NYSE
HTA,NYSE
HTD,NYSE
HTF,NYSE
HTGC,NYSE
HTGX,NYSE
HTGY,NYSE
HTGZ,NYSE
HTH,NYSE
HTY,NYSE
HTZ,NYSE
HUBB,NYSE
HUBS,NYSE
HUM,NYSE
HUN,NYSE
HVT,NYSE
HVT.A,NYSE
HW,NYSE
HXL,NYSE
HY,NYSE
HYB,NYSE
HYH,NYSE
HYI,NYSE
HYT,NYSE
HZN,NYSE
HZO,NYSE
I,NYSE
IAE,NYSE
IAG,NYSE
IBA,NYSE
IBM,NYSE
IBN,NYSE
IBP,NYSE
ICB,NYSE
ICD,NYSE
ICE,NYSE
ICL,NYSE
IDA,NYSE
IDE,NYSE
IDT,NYSE
IEX,NYSE
IFF,NYSE
IFN,NYSE
IGA,NYSE
IGD,NYSE
IGI,NYSE
IGR,NYSE
IGT,NYSE
IHC,NYSE
IHD,NYSE
IHG,NYSE
IHIT,NYSE
IID,NYSE
IIF,NYSE
IIM,NYSE
IIPR,NYSE
IMAX,NYSE
IMN,NYSE
INB,NYSE
INF,NYSE
INFY,NYSE
ING,NYSE
INGR,NYSE
INN,NYSE
INN-B,NYSE
INN-D,NYSE
INSI,NYSE
INST,NYSE
INSW,NYSE
INT,NYSE
INVN,NYSE
INXN,NYSE
INZ,NYSE
IO,NYSE
IOC,NYSE
IP,NYSE
IPG,NYSE
IPHI,NYSE
IPI,NYSE
IPL-D,NYSE
IQI,NYSE
IR,NYSE
IRE-B,NYSE
IRET,NYSE
IRL,NYSE
IRM,NYSE
IRR,NYSE
IRS,NYSE
ISD,NYSE
ISF,NYSE
ISG,NYSE
ISP,NYSE
IT,NYSE
ITCB,NYSE
ITG,NYSE
ITGR,NYSE
ITT,NYSE
ITUB,NYSE
ITW,NYSE
IVC,NYSE
IVH,NYSE
IVR,NYSE
IVR-A,NYSE
IVR-B,NYSE
IVZ,NYSE
IX,NYSE
JAX,NYSE
JBL,NYSE
JBN,NYSE
JBR,NYSE
JBT,NYSE
JCAP,NYSE
JCE,NYSE
JCI,NYSE
JCP,NYSE
JDD,NYSE
JE,NYSE
JEC,NYSE
JEQ,NYSE
JFC,NYSE
JFR,NYSE
JGH,NYSE
JHA,NYSE
JHB,NYSE
JHD,NYSE
JHI,NYSE
JHS,NYSE
JHX,NYSE
JHY,NYSE
JKS,NYSE
JLL,NYSE
JLS,NYSE
JMEI,NYSE
JMF,NYSE
JMLP,NYSE
JMM,NYSE
JMP,NYSE
JMPB,NYSE
JMPC,NYSE
JMT,NYSE
JNJ,NYSE
JNPR,NYSE
JNS,NYSE
JOE,NYSE
JOF,NYSE
JONE,NYSE
JOY,NYSE
JP,NYSE
JPC,NYSE
JPEP,NYSE
JPI,NYSE
JPM,NYSE
JPM-A,NYSE
JPM-B,NYSE
JPM-D,NYSE
JPM-E,NYSE
JPM-F,NYSE
JPM-G,NYSE
JPM-H,NYSE
JPM.W,NYSE
JPS,NYSE
JPW,NYSE
JQC,NYSE
JRI,NYSE
JRO,NYSE
JRS,NYSE
JSD,NYSE
JTA,NYSE
JTD,NYSE
JW.A,NYSE
JW.B,NYSE
JWN,NYSE
K,NYSE
KAI,NYSE
KAMN,NYSE
KAP,NYSE
KAR,NYSE
KATE,NYSE
KB,NYSE
KBH,NYSE
KBR,NYSE
KCC,NYSE
KCG,NYSE
KDMN,NYSE
KED,NYSE
KEF,NYSE
KEG,NYSE
KEM,NYSE
KEP,NYSE
KEX,NYSE
KEY,NYSE
KEY-G,NYSE
KEY-H,NYSE
KEY-I,NYSE
KEYS,NYSE
KF,NYSE
KFI,NYSE
KFN.P,NYSE
KFS,NYSE
KFY,NYSE
KGC,NYSE
KIM,NYSE
KIM-I,NYSE
KIM-J,NYSE
KIM-K,NYSE
KIO,NYSE
KKR,NYSE
KKR-A,NYSE
KKR-B,NYSE
KMB,NYSE
KMF,NYSE
KMG,NYSE
KMI,NYSE
KMI-A,NYSE
KMI.W,NYSE
KMM,NYSE
KMPA,NYSE
KMPR,NYSE
KMT,NYSE
KMX,NYSE
KN,NYSE
KND,NYSE
KNL,NYSE
KNOP,NYSE
KNX,NYSE
KO,NYSE
KOD.W,NYSE
KOD.X,NYSE
KODK,NYSE
KOF,NYSE
KOP,NYSE
KORS,NYSE
KOS,NYSE
KR,NYSE
KRA,NYSE
KRC,NYSE
KRC-G,NYSE
KRC-H,NYSE
KRG,NYSE
KRO,NYSE
KS,NYSE
KSM,NYSE
KSS,NYSE
KST,NYSE
KSU,NYSE
KSU.P,NYSE
KT,NYSE
KTF,NYSE
KTH,NYSE
KTN,NYSE
KTP,NYSE
KW,NYSE
KWN,NYSE
KWR,NYSE
KYE,NYSE
KYN,NYSE
KYN-F,NYSE
KYO,NYSE
L,NYSE
LAD,NYSE
LADR,NYSE
LAZ,NYSE
LB,NYSE
LBF,NYSE
LC,NYSE
LCI,NYSE
LCII,NYSE
LCM,NYSE
LDF,NYSE
LDL,NYSE
LDOS,NYSE
LDP,NYSE
LDR,NYSE
LEA,NYSE
LEE,NYSE
LEG,NYSE
LEJU,NYSE
LEN,NYSE
LEN.B,NYSE
LEO,NYSE
LFC,NYSE
LFGR,NYSE
LFL,NYSE
LGF.A,NYSE
LGF.B,NYSE
LGI,NYSE
LH,NYSE
LHO,NYSE
LHO-H,NYSE
LHO-I,NYSE
LHO-J,NYSE
LII,NYSE
LITB,NYSE
LKSD,NYSE
LL,NYSE
LLL,NYSE
LLY,NYSE
LM,NYSE
LMHA,NYSE
LMHB,NYSE
LMT,NYSE
LN,NYSE
LNC,NYSE
LNC.W,NYSE
LND,NYSE
LNN,NYSE
LNT,NYSE
LOCK,NYSE
LOR,NYSE
LOW,NYSE
LPG,NYSE
LPI,NYSE
LPL,NYSE
LPT,NYSE
LPX,NYSE
LQ,NYSE
LRN,NYSE
LSI,NYSE
LTC,NYSE
LUB,NYSE
LUK,NYSE
LUV,NYSE
LUX,NYSE
LVLT,NYSE
LVS,NYSE
LW,NYSE
LXFR,NYSE
LXFT,NYSE
LXP,NYSE
LXP-C,NYSE
LXU,NYSE
LYB,NYSE
LYG,NYSE
LYV,NYSE
LZB,NYSE
M,NYSE
MA,NYSE
MAA,NYSE
MAC,NYSE
MAIN,NYSE
MAN,NYSE
MANU,NYSE
MAS,NYSE
MATX,NYSE
MAV,NYSE
MBI,NYSE
MBLY,NYSE
MBT,NYSE
MC,NYSE
MCA,NYSE
MCC,NYSE
MCD,NYSE
MCI,NYSE
MCK,NYSE
MCN,NYSE
MCO,NYSE
MCQ,NYSE
MCR,NYSE
MCRN,NYSE
MCS,NYSE
MCV,NYSE
MCX,NYSE
MCY,NYSE
MD,NYSE
MDC,NYSE
MDLX,NYSE
MDLY,NYSE
MDP,NYSE
MDR,NYSE
MDT,NYSE
MDU,NYSE
MED,NYSE
MEI,NYSE
MEN,NYSE
MEP,NYSE
MER-K,NYSE
MER-P,NYSE
MET,NYSE
MET-A,NYSE
MFA,NYSE
MFA-B,NYSE
MFC,NYSE
MFCB,NYSE
MFD,NYSE
MFG,NYSE
MFL,NYSE
MFM,NYSE
MFO,NYSE
MFS,NYSE
MFT,NYSE
MFV,NYSE
MG,NYSE
MGA,NYSE
MGF,NYSE
MGM,NYSE
MGP,NYSE
MGR,NYSE
MGU,NYSE
MH-A,NYSE
MH-C,NYSE
MHD,NYSE
MHF,NYSE
MHG,NYSE
MHI,NYSE
MHK,NYSE
MHLA,NYSE
MHN,NYSE
MHNB,NYSE
MHNC,NYSE
MHO,NYSE
MHO-A,NYSE
MIC,NYSE
MIE,NYSE
MIN,NYSE
MIT-A,NYSE
MIT-B,NYSE
MITT,NYSE
MIXT,NYSE
MIY,NYSE
MJN,NYSE
MKC,NYSE
MKC.V,NYSE
MKL,NYSE
MLI,NYSE
MLM,NYSE
MLP,NYSE
MLR,NYSE
MMC,NYSE
MMD,NYSE
MMI,NYSE
MMM,NYSE
MMP,NYSE
MMS,NYSE
MMT,NYSE
MMU,NYSE
MN,NYSE
MNE,NYSE
MNI,NYSE
MNK,NYSE
MNP,NYSE
MNR,NYSE
MNR-B,NYSE
MNR-C,NYSE
MO,NYSE
MOD,NYSE
MODN,NYSE
MOG.A,NYSE
MOG.B,NYSE
MOH,NYSE
MON,NYSE
MORE,NYSE
MOS,NYSE
MOV,NYSE
MP-D,NYSE
MPA,NYSE
MPC,NYSE
MPG,NYSE
MPLX,NYSE
MPSX,NYSE
MPV,NYSE
MPW,NYSE
MPX,NYSE
MQT,NYSE
MQY,NYSE
MRC,NYSE
MRIN,NYSE
MRK,NYSE
MRO,NYSE
MRT,NYSE
MS,NYSE
MS-A,NYSE
MS-E,NYSE
MS-F,NYSE
MS-G,NYSE
MS-I,NYSE
MSA,NYSE
MSB,NYSE
MSCA,NYSE
MSCI,NYSE
MSD,NYSE
MSF,NYSE
MSG,NYSE
MSGN,NYSE
MSI,NYSE
MSL,NYSE
MSM,NYSE
MSP,NYSE
MT,NYSE
MTB,NYSE
MTB-C,NYSE
MTD,NYSE
MTDR,NYSE
MTG,NYSE
MTH,NYSE
MTL,NYSE
MTL.P,NYSE
MTN,NYSE
MTOR,NYSE
MTR,NYSE
MTRN,NYSE
MTT,NYSE
MTU,NYSE
MTW,NYSE
MTX,NYSE
MTZ,NYSE
MUA,NYSE
MUC,NYSE
MUE,NYSE
MUH,NYSE
MUI,NYSE
MUJ,NYSE
MUR,NYSE
MUS,NYSE
MUSA,NYSE
MUX,NYSE
MVC,NYSE
MVCB,NYSE
MVO,NYSE
MVT,NYSE
MWA,NYSE
MX,NYSE
MXE,NYSE
MXF,NYSE
MXL,NYSE
MYC,NYSE
MYCC,NYSE
MYD,NYSE
MYE,NYSE
MYF,NYSE
MYI,NYSE
MYJ,NYSE
MYN,NYSE
MYOV,NYSE
MZF,NYSE
NAC,NYSE
NAD,NYSE
NADL,NYSE
NAN,NYSE
NAO,NYSE
NAP,NYSE
NAT,NYSE
NAV,NYSE
NAZ,NYSE
NBB,NYSE
NBD,NYSE
NBHC,NYSE
NBL,NYSE
NBLX,NYSE
NBR,NYSE
NC,NYSE
NCA,NYSE
NCB,NYSE
NCI,NYSE
NCR,NYSE
NCS,NYSE
NCV,NYSE
NCZ,NYSE
NDP,NYSE
NDRO,NYSE
NE,NYSE
NEA,NYSE
NEE,NYSE
NEE-C,NYSE
NEE-G,NYSE
NEE-H,NYSE
NEE-I,NYSE
NEE-J,NYSE
NEE-K,NYSE
NEE-Q,NYSE
NEE-R,NYSE
NEFF,NYSE
NEM,NYSE
NEP,NYSE
NEU,NYSE
NEV,NYSE
NEWM,NYSE
NEWR,NYSE
NFG,NYSE
NFJ,NYSE
NFX,NYSE
NGG,NYSE
NGL,NYSE
NGL-A,NYSE
NGS,NYSE
NGVC,NYSE
NGVT,NYSE
NHA,NYSE
NHF,NYSE
NHI,NYSE
NI,NYSE
NID,NYSE
NIE,NYSE
NIM,NYSE
NIQ,NYSE
NJR,NYSE
NKE,NYSE
NKG,NYSE
NKX,NYSE
NL,NYSE
NLS,NYSE
NLSN,NYSE
NLY,NYSE
NLY-A,NYSE
NLY-C,NYSE
NLY-D,NYSE
NLY-E,NYSE
NM,NYSE
NM-G,NYSE
NM-H,NYSE
NMBL,NYSE
NMFC,NYSE
NMI,NYSE
NMM,NYSE
NMR,NYSE
NMS,NYSE
NMT,NYSE
NMY,NYSE
NMZ,NYSE
NNA,NYSE
NNC,NYSE
NNI,NYSE
NNN,NYSE
NNN-E,NYSE
NNN-F,NYSE
NNY,NYSE
NOA,NYSE
NOAH,NYSE
NOC,NYSE
NOK,NYSE
NOM,NYSE
NOMD,NYSE
NORD,NYSE
NOV,NYSE
NOW,NYSE
NP,NYSE
NPK,NYSE
NPO,NYSE
NPTN,NYSE
NPV,NYSE
NQ,NYSE
NQP,NYSE
NR,NYSE
NRE,NYSE
NRG,NYSE
NRK,NYSE
NRP,NYSE
NRT,NYSE
NRZ,NYSE
NS,NYSE
NS-A,NYSE
NSA,NYSE
NSC,NYSE
NSH,NYSE
NSL,NYSE
NSM,NYSE
NSP,NYSE
NSR,NYSE
NSS,NYSE
NTB,NYSE
NTC,NYSE
NTG,NYSE
NTL,NYSE
NTP,NYSE
NTT,NYSE
NTX,NYSE
NTZ,NYSE
NUE,NYSE
NUM,NYSE
NUO,NYSE
NUS,NYSE
NUV,NYSE
NUW,NYSE
NVG,NYSE
NVGS,NYSE
NVO,NYSE
NVR,NYSE
NVRO,NYSE
NVS,NYSE
NVTA,NYSE
NW-C,NYSE
NWE,NYSE
NWHM,NYSE
NWL,NYSE
NWN,NYSE
NWY,NYSE
NX,NYSE
NXC,NYSE
NXJ,NYSE
NXN,NYSE
NXP,NYSE
NXQ,NYSE
NXR,NYSE
NXRT,NYSE
NYC-U,NYSE
NYCB,NYSE
NYL.A,NYSE
NYLD,NYSE
NYRT,NYSE
NYT,NYSE
NYV,NYSE
NZF,NYSE
O,NYSE
O-F,NYSE
OA,NYSE
OAK,NYSE
OAK-A,NYSE
OAKS,NYSE
OAS,NYSE
OB,NYSE
OC,NYSE
OCIP,NYSE
OCN,NYSE
ODC,NYSE
OEC,NYSE
OFC,NYSE
OFC-L,NYSE
OFG,NYSE
OFG-A,NYSE
OFG-D,NYSE
OGE,NYSE
OGS,NYSE
OHI,NYSE
OI,NYSE
OIA,NYSE
OIB.C,NYSE
OII,NYSE
OIS,NYSE
OKE,NYSE
OKS,NYSE
OLN,NYSE
OLP,NYSE
OMAA,NYSE
OMAM,NYSE
OMC,NYSE
OME,NYSE
OMF,NYSE
OMI,NYSE
OMN,NYSE
ONDK,NYSE
OOMA,NYSE
OPP,NYSE
OPY,NYSE
OR,NYSE
ORA,NYSE
ORAN,NYSE
ORC,NYSE
ORCL,NYSE
ORI,NYSE
ORN,NYSE
OSB,NYSE
OSG,NYSE
OSK,NYSE
OUT,NYSE
OXM,NYSE
OXY,NYSE
OZM,NYSE
P,NYSE
PAA,NYSE
PAC,NYSE
PACD,NYSE
PAG,NYSE
PAGP,NYSE
PAH,NYSE
PAI,NYSE
PAM,NYSE
PANW,NYSE
PAR,NYSE
PAY,NYSE
PAYC,NYSE
PB,NYSE
PBA,NYSE
PBB,NYSE
PBF,NYSE
PBFX,NYSE
PBH,NYSE
PBI,NYSE
PBI-B,NYSE
PBR,NYSE
PBR.A,NYSE
PBT,NYSE
PCF,NYSE
PCG,NYSE
PCI,NYSE
PCK,NYSE
PCM,NYSE
PCN,NYSE
PCQ,NYSE
PDI,NYSE
PDM,NYSE
PDS,NYSE
PDT,NYSE
PE,NYSE
PEB,NYSE
PEB-C,NYSE
PEB-D,NYSE
PEG,NYSE
PEI,NYSE
PEI-A,NYSE
PEI-B,NYSE
PEN,NYSE
PEO,NYSE
PEP,NYSE
PER,NYSE
PES,NYSE
PF,NYSE
PFD,NYSE
PFE,NYSE
PFG,NYSE
PFGC,NYSE
PFH,NYSE
PFK,NYSE
PFL,NYSE
PFN,NYSE
PFO,NYSE
PFS,NYSE
PFSI,NYSE
PG,NYSE
PGEM,NYSE
PGH,NYSE
PGP,NYSE
PGR,NYSE
PGRE,NYSE
PGTI,NYSE
PGZ,NYSE
PH,NYSE
PHD,NYSE
PHG,NYSE
PHH,NYSE
PHI,NYSE
PHK,NYSE
PHM,NYSE
PHT,NYSE
PHX,NYSE
PII,NYSE
PIM,NYSE
PIR,NYSE
PJC,NYSE
PJH,NYSE
PJT,NYSE
PK,NYSE
PKD,NYSE
PKE,NYSE
PKG,NYSE
PKI,NYSE
PKO,NYSE
PKX,NYSE
PKY,NYSE
PL-C,NYSE
PL-E,NYSE
PLD,NYSE
PLNT,NYSE
PLOW,NYSE
PLT,NYSE
PM,NYSE
PMC,NYSE
PMF,NYSE
PML,NYSE
PMM,NYSE
PMO,NYSE
PMT,NYSE
PMX,NYSE
PN,NYSE
PNC,NYSE
PNC-P,NYSE
PNC-Q,NYSE
PNC.W,NYSE
PNF,NYSE
PNI,NYSE
PNM,NYSE
PNR,NYSE
PNW,NYSE
POL,NYSE
POR,NYSE
POST,NYSE
POT,NYSE
PPG,NYSE
PPL,NYSE
PPP,NYSE
PPR,NYSE
PPT,NYSE
PPX,NYSE
PQ,NYSE
PRA,NYSE
PRE-F,NYSE
PRE-G,NYSE
PRE-H,NYSE
PRE-I,NYSE
PRGO,NYSE
PRH,NYSE
PRI,NYSE
PRLB,NYSE
PRO,NYSE
PRTY,NYSE
PRU,NYSE
PSA,NYSE
PSA-A,NYSE
PSA-B,NYSE
PSA-C,NYSE
PSA-D,NYSE
PSA-E,NYSE
PSA-S,NYSE
PSA-T,NYSE
PSA-U,NYSE
PSA-V,NYSE
PSA-W,NYSE
PSA-X,NYSE
PSA-Y,NYSE
PSA-Z,NYSE
PSB,NYSE
PSB-T,NYSE
PSB-U,NYSE
PSB-V,NYSE
PSB-W,NYSE
PSF,NYSE
PSO,NYSE
PSTG,NYSE
PSX,NYSE
PSXP,NYSE
PTHN,NYSE
PTR,NYSE
PTY,NYSE
PUK,NYSE
PUK-A,NYSE
PUK.P,NYSE
PVG,NYSE
PVH,NYSE
PVTD,NYSE
PWE,NYSE
PWR,NYSE
PX,NYSE
PXD,NYSE
PYN,NYSE
PYS,NYSE
PZC,NYSE
PZE,NYSE
PZN,NYSE
Q,NYSE
QCP,NYSE
QEP,NYSE
QHC,NYSE
QSR,NYSE
QTM,NYSE
QTS,NYSE
QTWO,NYSE
QUAD,NYSE
QUOT,NYSE
R,NYSE
RA,NYSE
RACE,NYSE
RAD,NYSE
RAI,NYSE
RAS,NYSE
RAS-A,NYSE
RAS-B,NYSE
RAS-C,NYSE
RATE,NYSE
RBA,NYSE
RBC,NYSE
RBS,NYSE
RBS-F,NYSE
RBS-H,NYSE
RBS-L,NYSE
RBS-S,NYSE
RCI,NYSE
RCL,NYSE
RCS,NYSE
RDC,NYSE
RDN,NYSE
RDS.A,NYSE
RDS.B,NYSE
RDY,NYSE
RE,NYSE
REG,NYSE
REG-G,NYSE
RELX,NYSE
REN,NYSE
RENN,NYSE
RENX,NYSE
RES,NYSE
RESI,NYSE
REV,NYSE
REX,NYSE
REX-A,NYSE
REXR,NYSE
RF,NYSE
RF-A,NYSE
RF-B,NYSE
RFI,NYSE
RFP,NYSE
RFT,NYSE
RFTA,NYSE
RGA,NYSE
RGC,NYSE
RGR,NYSE
RGS,NYSE
RGT,NYSE
RH,NYSE
RHI,NYSE
RHP,NYSE
RHT,NYSE
RIC,NYSE
RICE,NYSE
RIG,NYSE
RIO,NYSE
RIV,NYSE
RJD,NYSE
RJF,NYSE
RL,NYSE
RLGY,NYSE
RLH,NYSE
RLI,NYSE
RLJ,NYSE
RM,NYSE
RMAX,NYSE
RMD,NYSE
RMP,NYSE
RMT,NYSE
RNG,NYSE
RNP,NYSE
RNR,NYSE
RNR-C,NYSE
RNR-E,NYSE
ROG,NYSE
ROK,NYSE
ROL,NYSE
ROP,NYSE
ROYT,NYSE
RPA-A,NYSE
RPAI,NYSE
RPM,NYSE
RPT,NYSE
RPT-D,NYSE
RQI,NYSE
RRC,NYSE
RRD,NYSE
RRTS,NYSE
RS,NYSE
RSG,NYSE
RSO,NYSE
RSO-A,NYSE
RSO-B,NYSE
RSO-C,NYSE
RSPP,NYSE
RST,NYSE
RT,NYSE
RTEC,NYSE
RTN,NYSE
RUBI,NYSE
RVT,NYSE
RWT,NYSE
RXN,NYSE
RXN-A,NYSE
RY,NYSE
RY-S,NYSE
RY-T,NYSE
RYA-A,NYSE
RYAM,NYSE
RYI,NYSE
RYN,NYSE
RZA,NYSE
RZB,NYSE
S,NYSE
SA,NYSE
SAB,NYSE
SAH,NYSE
SAIC,NYSE
SALT,NYSE
SAM,NYSE
SAN,NYSE
SAN-A,NYSE
SAN-B,NYSE
SAN-C,NYSE
SAN-I,NYSE
SAP,NYSE
SAR,NYSE
SB,NYSE
SB-B,NYSE
SB-C,NYSE
SB-D,NYSE
SBGL,NYSE
SBH,NYSE
SBNA,NYSE
SBNB,NYSE
SBR,NYSE
SBS,NYSE
SBY,NYSE
SC,NYSE
SCCO,NYSE
SCD,NYSE
SCE-F,NYSE
SCE-G,NYSE
SCE-H,NYSE
SCE-J,NYSE
SCE-K,NYSE
SCG,NYSE
SCH-B,NYSE
SCH-C,NYSE
SCH-D,NYSE
SCHW,NYSE
SCI,NYSE
SCL,NYSE
SCM,NYSE
SCNB,NYSE
SCQ,NYSE
SCS,NYSE
SCX,NYSE
SD,NYSE
SDLP,NYSE
SDR,NYSE
SDRL,NYSE
SDT,NYSE
SE,NYSE
SEAS,NYSE
SEE,NYSE
SEM,NYSE
SEMG,NYSE
SEP,NYSE
SERV,NYSE
SF,NYSE
SF-A,NYSE
SFE,NYSE
SFL,NYSE
SFR,NYSE
SFS,NYSE
SFUN,NYSE
SGF,NYSE
SGM,NYSE
SGU,NYSE
SGY,NYSE
SGZA,NYSE
SHAK,NYSE
SHG,NYSE
SHI,NYSE
SHLX,NYSE
SHO,NYSE
SHO-E,NYSE
SHO-F,NYSE
SHOP,NYSE
SHW,NYSE
SID,NYSE
SIG,NYSE
SITE,NYSE
SIX,NYSE
SJI,NYSE
SJM,NYSE
SJR,NYSE
SJT,NYSE
SJW,NYSE
SKM,NYSE
SKT,NYSE
SKX,NYSE
SLB,NYSE
SLCA,NYSE
SLD,NYSE
SLF,NYSE
SLG,NYSE
SLG-I,NYSE
SLRA,NYSE
SLTB,NYSE
SLW,NYSE
SM,NYSE
SMFG,NYSE
SMG,NYSE
SMI,NYSE
SMLP,NYSE
SMM,NYSE
SMP,NYSE
SN,NYSE
SNA,NYSE
SNE,NYSE
SNN,NYSE
SNOW,NYSE
SNP,NYSE
SNR,NYSE
SNV,NYSE
SNV-C,NYSE
SNX,NYSE
SNY,NYSE
SO,NYSE
SOJA,NYSE
SOJB,NYSE
SOL,NYSE
SON,NYSE
SOR,NYSE
SPA,NYSE
SPB,NYSE
SPE,NYSE
SPE-B,NYSE
SPG,NYSE
SPG-J,NYSE
SPGI,NYSE
SPH,NYSE
SPLP,NYSE
SPN,NYSE
SPR,NYSE
SPXC,NYSE
SPXX,NYSE
SQ,NYSE
SQM,NYSE
SQNS,NYSE
SR,NYSE
SRC,NYSE
SRE,NYSE
SRF,NYSE
SRG,NYSE
SRI,NYSE
SRLP,NYSE
SRT,NYSE
SRV,NYSE
SSD,NYSE
SSI,NYSE
SSL,NYSE
SSNI,NYSE
SSP,NYSE
SSTK,NYSE
SSW,NYSE
SSW-D,NYSE
SSW-E,NYSE
SSW-G,NYSE
SSW-H,NYSE
SSWN,NYSE
ST,NYSE
STA-B,NYSE
STA-C,NYSE
STA-D,NYSE
STA-E,NYSE
STA-F,NYSE
STA-G,NYSE
STA-I,NYSE
STAG,NYSE
STAR,NYSE
STAY,NYSE
STC,NYSE
STE,NYSE
STI,NYSE
STI-A,NYSE
STI-E,NYSE
STI.B,NYSE
STK,NYSE
STL,NYSE
STM,NYSE
STN,NYSE
STNG,NYSE
STO,NYSE
STON,NYSE
STOR,NYSE
STT,NYSE
STT-C,NYSE
STT-D,NYSE
STT-E,NYSE
STT-G,NYSE
STV,NYSE
STWD,NYSE
STZ,NYSE
STZ.B,NYSE
SU,NYSE
SUI,NYSE
SUI-A,NYSE
SUM,NYSE
SUN,NYSE
SUP,NYSE
SUPV,NYSE
SVU,NYSE
SWC,NYSE
SWFT,NYSE
SWJ,NYSE
SWK,NYSE
SWM,NYSE
SWN,NYSE
SWNC,NYSE
SWX,NYSE
SWZ,NYSE
SXC,NYSE
SXCP,NYSE
SXE,NYSE
SXI,NYSE
SXL,NYSE
SXT,NYSE
SYF,NYSE
SYK,NYSE
SYT,NYSE
SYX,NYSE
SYY,NYSE
SZC,NYSE
T,NYSE
TAC,NYSE
TAHO,NYSE
TAL,NYSE
TAP,NYSE
TARO,NYSE
TBI,NYSE
TCAP,NYSE
TCB,NYSE
TCB-B,NYSE
TCB-C,NYSE
TCB.W,NYSE
TCCA,NYSE
TCI,NYSE
TCO,NYSE
TCO-J,NYSE
TCO-K,NYSE
TCP,NYSE
TCRX,NYSE
TCRZ,NYSE
TCS,NYSE
TD,NYSE
TDA,NYSE
TDC,NYSE
TDE,NYSE
TDF,NYSE
TDG,NYSE
TDI,NYSE
TDJ,NYSE
TDOC,NYSE
TDS,NYSE
TDW,NYSE
TDY,NYSE
TECK,NYSE
TEF,NYSE
TEGP,NYSE
TEI,NYSE
TEL,NYSE
TEN,NYSE
TEO,NYSE
TEP,NYSE
TER,NYSE
TEVA,NYSE
TEX,NYSE
TFX,NYSE
TG,NYSE
TGH,NYSE
TGI,NYSE
TGNA,NYSE
TGP,NYSE
TGP-A,NYSE
TGS,NYSE
TGT,NYSE
THC,NYSE
THG,NYSE
THGA,NYSE
THO,NYSE
THQ,NYSE
THR,NYSE
THS,NYSE
THW,NYSE
TI,NYSE
TI.A,NYSE
TIER,NYSE
TIF,NYSE
TIME,NYSE
TISI,NYSE
TJX,NYSE
TK,NYSE
TKC,NYSE
TKF,NYSE
TKR,NYSE
TLI,NYSE
TLK,NYSE
TLLP,NYSE
TLP,NYSE
TLRD,NYSE
TLYS,NYSE
TM,NYSE
TMH,NYSE
TMHC,NYSE
TMK,NYSE
TMK-B,NYSE
TMK-C,NYSE
TMO,NYSE
TMST,NYSE
TNC,NYSE
TNET,NYSE
TNH,NYSE
TNK,NYSE
TNP,NYSE
TNP-B,NYSE
TNP-C,NYSE
TNP-D,NYSE
TOL,NYSE
TOO,NYSE
TOO-A,NYSE
TOO-B,NYSE
TOT,NYSE
TOWR,NYSE
TPB,NYSE
TPC,NYSE
TPH,NYSE
TPL,NYSE
TPRE,NYSE
TPVG,NYSE
TPVZ,NYSE
TPX,NYSE
TPZ,NYSE
TR,NYSE
TRC,NYSE
TRCO,NYSE
TREC,NYSE
TREX,NYSE
TRGP,NYSE
TRI,NYSE
TRK,NYSE
TRMR,NYSE
TRN,NYSE
TRN-A,NYSE
TRNO,NYSE
TROX,NYSE
TRP,NYSE
TRQ,NYSE
TRR,NYSE
TRTN,NYSE
TRU,NYSE
TRV,NYSE
TS,NYSE
TSE,NYSE
TSI,NYSE
TSL,NYSE
TSLF,NYSE
TSLX,NYSE
TSM,NYSE
TSN,NYSE
TSNU,NYSE
TSO,NYSE
TSQ,NYSE
TSS,NYSE
TSU,NYSE
TTC,NYSE
TTF,NYSE
TTI,NYSE
TTM,NYSE
TTP,NYSE
TU,NYSE
TUP,NYSE
TV,NYSE
TVC,NYSE
TVE,NYSE
TVPT,NYSE
TWI,NYSE
TWLO,NYSE
TWN,NYSE
TWO,NYSE
TWTR,NYSE
TWX,NYSE
TX,NYSE
TXT,NYSE
TY,NYSE
TY.P,NYSE
TYG,NYSE
TYL,NYSE
UA,NYSE
UAA,NYSE
UAL,NYSE
UAM,NYSE
UAN,NYSE
UBA,NYSE
UBP,NYSE
UBP-F,NYSE
UBS,NYSE
UCP,NYSE
UDR,NYSE
UE,NYSE
UFI,NYSE
UFS,NYSE
UGI,NYSE
UGP,NYSE
UHS,NYSE
UHT,NYSE
UIS,NYSE
UL,NYSE
UMC,NYSE
UMH,NYSE
UMH-A,NYSE
UMH-B,NYSE
UN,NYSE
UNF,NYSE
UNH,NYSE
UNM,NYSE
UNP,NYSE
UNT,NYSE
UNVR,NYSE
UPS,NYSE
URI,NYSE
USA,NYSE
USAC,NYSE
USB,NYSE
USB-A,NYSE
USB-H,NYSE
USB-M,NYSE
USB-N,NYSE
USB-O,NYSE
USDP,NYSE
USFD,NYSE
USG,NYSE
USM,NYSE
USNA,NYSE
USPH,NYSE
UTF,NYSE
UTI,NYSE
UTL,NYSE
UTX,NYSE
UVE,NYSE
UVV,NYSE
UZA,NYSE
UZB,NYSE
UZC,NYSE
V,NYSE
VAC,NYSE
VAL,NYSE
VAL.P,NYSE
VALE,NYSE
VAR,NYSE
VBF,NYSE
VC,NYSE
VCO,NYSE
VCRA,NYSE
VCV,NYSE
VEC,NYSE
VEDL,NYSE
VEEV,NYSE
VER,NYSE
VER-F,NYSE
VET,NYSE
VFC,NYSE
VG,NYSE
VGI,NYSE
VGM,NYSE
VGR,NYSE
VHI,NYSE
VIPS,NYSE
VIV,NYSE
VJET,NYSE
VKQ,NYSE
VLO,NYSE
VLP,NYSE
VLRS,NYSE
VLT,NYSE
VLY,NYSE
VLY-A,NYSE
VLY.W,NYSE
VMC,NYSE
VMI,NYSE
VMO,NYSE
VMW,NYSE
VNCE,NYSE
VNO,NYSE
VNO-G,NYSE
VNO-I,NYSE
VNO-K,NYSE
VNO-L,NYSE
VNTV,NYSE
VOC,NYSE
VOYA,NYSE
VPG,NYSE
VPV,NYSE
VR,NYSE
VR-A,NYSE
VRS,NYSE
VRTV,NYSE
VRX,NYSE
VSH,NYSE
VSI,NYSE
VSLR,NYSE
VSM,NYSE
VSTO,NYSE
VTA,NYSE
VTN,NYSE
VTR,NYSE
VTRB,NYSE
VTTI,NYSE
VVC,NYSE
VVI,NYSE
VVR,NYSE
VVV,NYSE
VZ,NYSE
VZA,NYSE
W,NYSE
WAAS,NYSE
WAB,NYSE
WAC,NYSE
WAGE,NYSE
WAIR,NYSE
WAL,NYSE
WALA,NYSE
WAT,NYSE
WBAI,NYSE
WBC,NYSE
WBK,NYSE
WBS,NYSE
WBS-E,NYSE
WCC,NYSE
WCG,NYSE
WCIC,NYSE
WCN,NYSE
WD,NYSE
WDAY,NYSE
WDR,NYSE
WEA,NYSE
WEC,NYSE
WES,NYSE
WEX,NYSE
WF,NYSE
WFC,NYSE
WFC-J,NYSE
WFC-L,NYSE
WFC-N,NYSE
WFC-O,NYSE
WFC-P,NYSE
WFC-Q,NYSE
WFC-R,NYSE
WFC-T,NYSE
WFC-V,NYSE
WFC-W,NYSE
WFC-X,NYSE
WFC.W,NYSE
WFE-A,NYSE
WFT,NYSE
WG,NYSE
WGL,NYSE
WGO,NYSE
WGP,NYSE
WHG,NYSE
WHR,NYSE
WIA,NYSE
WIT,NYSE
WIW,NYSE
WK,NYSE
WLH,NYSE
WLK,NYSE
WLKP,NYSE
WLL,NYSE
WM,NYSE
WMB,NYSE
WMC,NYSE
WMK,NYSE
WMLP,NYSE
WMS,NYSE
WMT,NYSE
WNC,NYSE
WNR,NYSE
WNRL,NYSE
WNS,NYSE
WOR,NYSE
WPC,NYSE
WPG,NYSE
WPG-H,NYSE
WPG-I,NYSE
WPT,NYSE
WPX,NYSE
WPXP,NYSE
WPZ,NYSE
WR,NYSE
WRB,NYSE
WRB-B,NYSE
WRB-C,NYSE
WRB-D,NYSE
WRD,NYSE
WRE,NYSE
WRI,NYSE
WRK,NYSE
WSM,NYSE
WSO,NYSE
WSO.B,NYSE
WSR,NYSE
WST,NYSE
WTI,NYSE
WTM,NYSE
WTR,NYSE
WTS,NYSE
WTW,NYSE
WU,NYSE
WUBA,NYSE
WWAV,NYSE
WWE,NYSE
WWW,NYSE
WY,NYSE
WYN,NYSE
X,NYSE
XCO,NYSE
XEC,NYSE
XEL,NYSE
XHR,NYSE
XIN,NYSE
XKE,NYSE
XL,NYSE
XNY,NYSE
XOM,NYSE
XON,NYSE
XOXO,NYSE
XPO,NYSE
XRM,NYSE
XRX,NYSE
XTLY,NYSE
XYL,NYSE
Y,NYSE
YDKN,NYSE
YELP,NYSE
YGE,NYSE
YPF,NYSE
YRD,NYSE
YUM,NYSE
YUMC,NYSE
YUME,NYSE
YZC,NYSE
ZAYO,NYSE
ZB-F,NYSE
ZB-G,NYSE
ZB-H,NYSE
ZBH,NYSE
ZBK,NYSE
ZEN,NYSE
ZF,NYSE
ZNH,NYSE
ZOES,NYSE
ZPIN,NYSE
ZTO,NYSE
ZTR,NYSE
ZTS,NYSE
ZX,NYSE
AAAP,NASDAQ
AAL,NASDAQ
AAME,NASDAQ
AAOI,NASDAQ
AAON,NASDAQ
AAPC,NASDAQ
AAPL,NASDAQ
AAWW,NASDAQ
AAXJ,NASDAQ
ABAC,NASDAQ
ABAX,NASDAQ
ABCB,NASDAQ
ABCD,NASDAQ
ABCO,NASDAQ
ABDC,NASDAQ
ABEO,NASDAQ
ABEOW,NASDAQ
ABIL,NASDAQ
ABIO,NASDAQ
ABMD,NASDAQ
ABTL,NASDAQ
ABTX,NASDAQ
ABUS,NASDAQ
ABY,NASDAQ
ACAD,NASDAQ
ACAT,NASDAQ
ACBI,NASDAQ
ACET,NASDAQ
ACFC,NASDAQ
ACGL,NASDAQ
ACGLP,NASDAQ
ACHC,NASDAQ
ACHN,NASDAQ
ACIA,NASDAQ
ACIU,NASDAQ
ACIW,NASDAQ
ACLS,NASDAQ
ACNB,NASDAQ
ACOR,NASDAQ
ACRS,NASDAQ
ACRX,NASDAQ
ACSF,NASDAQ
ACST,NASDAQ
ACTA,NASDAQ
ACTG,NASDAQ
ACTX,NASDAQ
ACUR,NASDAQ
ACWI,NASDAQ
ACWX,NASDAQ
ACXM,NASDAQ
ADAP,NASDAQ
ADBE,NASDAQ
ADES,NASDAQ
ADHD,NASDAQ
ADI,NASDAQ
ADMA,NASDAQ
ADMP,NASDAQ
ADMS,NASDAQ
ADP,NASDAQ
ADRA,NASDAQ
ADRD,NASDAQ
ADRE,NASDAQ
ADRO,NASDAQ
ADRU,NASDAQ
ADSK,NASDAQ
ADTN,NASDAQ
ADUS,NASDAQ
ADVM,NASDAQ
ADXS,NASDAQ
ADXSW,NASDAQ
AEGN,NASDAQ
AEHR,NASDAQ
AEIS,NASDAQ
AEMD,NASDAQ
AEPI,NASDAQ
AERI,NASDAQ
AETI,NASDAQ
AEY,NASDAQ
AEZS,NASDAQ
AFAM,NASDAQ
AFH,NASDAQ
AFMD,NASDAQ
AFSI,NASDAQ
AGEN,NASDAQ
AGFS,NASDAQ
AGFSW,NASDAQ
AGII,NASDAQ
AGIIL,NASDAQ
AGIO,NASDAQ
AGLE,NASDAQ
AGNC,NASDAQ
AGNCB,NASDAQ
AGNCP,NASDAQ
AGRX,NASDAQ
AGTC,NASDAQ
AGYS,NASDAQ
AGZD,NASDAQ
AHGP,NASDAQ
AHPA,NASDAQ
AHPAU,NASDAQ
AHPAW,NASDAQ
AHPI,NASDAQ
AIA,NASDAQ
AIMC,NASDAQ
AIMT,NASDAQ
AINV,NASDAQ
AIQ,NASDAQ
AIRG,NASDAQ
AIRM,NASDAQ
AIRR,NASDAQ
AIRT,NASDAQ
AKAM,NASDAQ
AKAO,NASDAQ
AKBA,NASDAQ
AKER,NASDAQ
AKRX,NASDAQ
AKTX,NASDAQ
ALBO,NASDAQ
ALCO,NASDAQ
ALDR,NASDAQ
ALDX,NASDAQ
ALGN,NASDAQ
ALGT,NASDAQ
ALIM,NASDAQ
ALJJ,NASDAQ
ALKS,NASDAQ
ALLT,NASDAQ
ALNY,NASDAQ
ALOG,NASDAQ
ALOT,NASDAQ
ALQA,NASDAQ
ALRM,NASDAQ
ALSK,NASDAQ
ALTY,NASDAQ
ALXN,NASDAQ
AMAG,NASDAQ
AMAT,NASDAQ
AMBA,NASDAQ
AMBC,NASDAQ
AMBCW,NASDAQ
AMCC,NASDAQ
AMCN,NASDAQ
AMCX,NASDAQ
AMD,NASDAQ
AMDA,NASDAQ
AMED,NASDAQ
AMGN,NASDAQ
AMKR,NASDAQ
AMMA,NASDAQ
AMNB,NASDAQ
AMOT,NASDAQ
AMPH,NASDAQ
AMRB,NASDAQ
AMRI,NASDAQ
AMRK,NASDAQ
AMRN,NASDAQ
AMRS,NASDAQ
AMSC,NASDAQ
AMSF,NASDAQ
AMSWA,NASDAQ
AMTD,NASDAQ
AMTX,NASDAQ
AMWD,NASDAQ
AMZN,NASDAQ
ANAT,NASDAQ
ANCB,NASDAQ
ANCX,NASDAQ
ANDA,NASDAQ
ANDAW,NASDAQ
ANDE,NASDAQ
ANGI,NASDAQ
ANGO,NASDAQ
ANIK,NASDAQ
ANIP,NASDAQ
ANSS,NASDAQ
ANTH,NASDAQ
ANY,NASDAQ
AOBC,NASDAQ
AOSL,NASDAQ
APDN,NASDAQ
APEI,NASDAQ
APEN,NASDAQ
APLP,NASDAQ
APOG,NASDAQ
APOL,NASDAQ
APOP,NASDAQ
APOPW,NASDAQ
APPF,NASDAQ
APPS,NASDAQ
APRI,NASDAQ
APTI,NASDAQ
APTO,NASDAQ
APVO,NASDAQ
APWC,NASDAQ
AQB,NASDAQ
AQMS,NASDAQ
AQXP,NASDAQ
ARAY,NASDAQ
ARCB,NASDAQ
ARCC,NASDAQ
ARCI,NASDAQ
ARCW,NASDAQ
ARDM,NASDAQ
ARDX,NASDAQ
AREX,NASDAQ
ARGS,NASDAQ
ARIA,NASDAQ
ARII,NASDAQ
ARIS,NASDAQ
ARKR,NASDAQ
ARLP,NASDAQ
ARLZ,NASDAQ
ARNA,NASDAQ
AROW,NASDAQ
ARQL,NASDAQ
ARRS,NASDAQ
ARRY,NASDAQ
ARTNA,NASDAQ
ARTW,NASDAQ
ARTX,NASDAQ
ARWR,NASDAQ
ASBB,NASDAQ
ASCMA,NASDAQ
ASET,NASDAQ
ASFI,NASDAQ
ASMB,NASDAQ
ASML,NASDAQ
ASNA,NASDAQ
ASND,NASDAQ
ASPS,NASDAQ
ASRV,NASDAQ
ASTC,NASDAQ
ASTE,NASDAQ
ASUR,NASDAQ
ASYS,NASDAQ
ATAI,NASDAQ
ATAX,NASDAQ
ATEC,NASDAQ
ATHN,NASDAQ
ATHX,NASDAQ
ATLO,NASDAQ
ATNI,NASDAQ
ATOM,NASDAQ
ATOS,NASDAQ
ATRA,NASDAQ
ATRC,NASDAQ
ATRI,NASDAQ
ATRO,NASDAQ
ATRS,NASDAQ
ATSG,NASDAQ
ATTU,NASDAQ
ATVI,NASDAQ
AUBN,NASDAQ
AUDC,NASDAQ
AUPH,NASDAQ
AVAV,NASDAQ
AVDL,NASDAQ
AVEO,NASDAQ
AVGO,NASDAQ
AVGR,NASDAQ
AVHI,NASDAQ
AVID,NASDAQ
AVIR,NASDAQ
AVNW,NASDAQ
AVXL,NASDAQ
AVXS,NASDAQ
AWRE,NASDAQ
AXARW,NASDAQ
AXAS,NASDAQ
AXDX,NASDAQ
AXGN,NASDAQ
AXSM,NASDAQ
AXTI,NASDAQ
AYA,NASDAQ
AZPN,NASDAQ
AZRX,NASDAQ
BABY,NASDAQ
BANF,NASDAQ
BANFP,NASDAQ
BANR,NASDAQ
BANX,NASDAQ
BASI,NASDAQ
BATRA,NASDAQ
BATRK,NASDAQ
BBBY,NASDAQ
BBC,NASDAQ
BBGI,NASDAQ
BBH,NASDAQ
BBOX,NASDAQ
BBP,NASDAQ
BBRG,NASDAQ
BBRY,NASDAQ
BBSI,NASDAQ
BCBP,NASDAQ
BCLI,NASDAQ
BCOR,NASDAQ
BCOV,NASDAQ
BCPC,NASDAQ
BCRX,NASDAQ
BCTF,NASDAQ
BDE,NASDAQ
BDGE,NASDAQ
BDSI,NASDAQ
BEAT,NASDAQ
BEAV,NASDAQ
BEBE,NASDAQ
BECN,NASDAQ
BELFB,NASDAQ
BFIN,NASDAQ
BFIT,NASDAQ
BGCP,NASDAQ
BGFV,NASDAQ
BGNE,NASDAQ
BHACR,NASDAQ
BHACW,NASDAQ
BHBK,NASDAQ
BIB,NASDAQ
BICK,NASDAQ
BIDU,NASDAQ
BIIB,NASDAQ
BIOC,NASDAQ
BIOL,NASDAQ
BIOP,NASDAQ
BIOS,NASDAQ
BIS,NASDAQ
BIVVV,NASDAQ
BJRI,NASDAQ
BKCC,NASDAQ
BKEP,NASDAQ
BKEPP,NASDAQ
BKMU,NASDAQ
BKSC,NASDAQ
BL,NASDAQ
BLBD,NASDAQ
BLCM,NASDAQ
BLDP,NASDAQ
BLDR,NASDAQ
BLFS,NASDAQ
BLIN,NASDAQ
BLKB,NASDAQ
BLMN,NASDAQ
BLMT,NASDAQ
BLPH,NASDAQ
BLRX,NASDAQ
BLUE,NASDAQ
BLVD,NASDAQ
BLVDU,NASDAQ
BLVDW,NASDAQ
BMCH,NASDAQ
BMLA,NASDAQ
BMRA,NASDAQ
BMRC,NASDAQ
BMRN,NASDAQ
BMTC,NASDAQ
BNCL,NASDAQ
BNCN,NASDAQ
BNDX,NASDAQ
BNFT,NASDAQ
BNSO,NASDAQ
BNTC,NASDAQ
BOBE,NASDAQ
BOCH,NASDAQ
BOFI,NASDAQ
BOFIL,NASDAQ
BOJA,NASDAQ
BOKF,NASDAQ
BOKFL,NASDAQ
BOLD,NASDAQ
BONT,NASDAQ
BOOM,NASDAQ
BOSC,NASDAQ
BOTJ,NASDAQ
BOTZ,NASDAQ
BPFH,NASDAQ
BPFHP,NASDAQ
BPMC,NASDAQ
BPOP,NASDAQ
BPOPM,NASDAQ
BPOPN,NASDAQ
BPTH,NASDAQ
BRCD,NASDAQ
BREW,NASDAQ
BRID,NASDAQ
BRKL,NASDAQ
BRKR,NASDAQ
BRKS,NASDAQ
BSET,NASDAQ
BSF,NASDAQ
BSFT,NASDAQ
BSPM,NASDAQ
BSQR,NASDAQ
BSRR,NASDAQ
BSTC,NASDAQ
BSTG,NASDAQ
BTEC,NASDAQ
BUFF,NASDAQ
BUR,NASDAQ
BUSE,NASDAQ
BV,NASDAQ
BVSN,NASDAQ
BVXV,NASDAQ
BVXVW,NASDAQ
BWEN,NASDAQ
BWFG,NASDAQ
BWINB,NASDAQ
BWLD,NASDAQ
BYBK,NASDAQ
BYFC,NASDAQ
BZUN,NASDAQ
CA,NASDAQ
CAAS,NASDAQ
CAC,NASDAQ
CACB,NASDAQ
CACC,NASDAQ
CACQ,NASDAQ
CADC,NASDAQ
CAFD,NASDAQ
CAKE,NASDAQ
CALA,NASDAQ
CALD,NASDAQ
CALI,NASDAQ
CALL,NASDAQ
CALM,NASDAQ
CAMP,NASDAQ
CAMT,NASDAQ
CAPN,NASDAQ
CAPNW,NASDAQ
CAPR,NASDAQ
CAR,NASDAQ
CARA,NASDAQ
CARB,NASDAQ
CARO,NASDAQ
CART,NASDAQ
CARZ,NASDAQ
CASC,NASDAQ
CASH,NASDAQ
CASI,NASDAQ
CASM,NASDAQ
CASS,NASDAQ
CASY,NASDAQ
CATB,NASDAQ
CATM,NASDAQ
CATY,NASDAQ
CAVM,NASDAQ
CBAK,NASDAQ
CBAN,NASDAQ
CBAY,NASDAQ
CBF,NASDAQ
CBFV,NASDAQ
CBIO,NASDAQ
CBLI,NASDAQ
CBMG,NASDAQ
CBMX,NASDAQ
CBOE,NASDAQ
CBPO,NASDAQ
CBRL,NASDAQ
CBSH,NASDAQ
CBSHP,NASDAQ
CCBG,NASDAQ
CCCL,NASDAQ
CCCR,NASDAQ
CCD,NASDAQ
CCIH,NASDAQ
CCLP,NASDAQ
CCMP,NASDAQ
CCN,NASDAQ
CCNE,NASDAQ
CCOI,NASDAQ
CCRC,NASDAQ
CCRN,NASDAQ
CCUR,NASDAQ
CCXI,NASDAQ
CDC,NASDAQ
CDEV,NASDAQ
CDEVW,NASDAQ
CDK,NASDAQ
CDL,NASDAQ
CDNA,NASDAQ
CDNS,NASDAQ
CDOR,NASDAQ
CDTI,NASDAQ
CDTX,NASDAQ
CDW,NASDAQ
CDXC,NASDAQ
CDXS,NASDAQ
CDZI,NASDAQ
CECE,NASDAQ
CECO,NASDAQ
CELG,NASDAQ
CELGZ,NASDAQ
CEMI,NASDAQ
CEMP,NASDAQ
CENT,NASDAQ
CENTA,NASDAQ
CENX,NASDAQ
CERC,NASDAQ
CERCW,NASDAQ
CERCZ,NASDAQ
CERN,NASDAQ
CERS,NASDAQ
CERU,NASDAQ
CETC,NASDAQ
CETV,NASDAQ
CETX,NASDAQ
CEVA,NASDAQ
CEZ,NASDAQ
CFA,NASDAQ
CFBK,NASDAQ
CFCO,NASDAQ
CFCOU,NASDAQ
CFCOW,NASDAQ
CFFI,NASDAQ
CFFN,NASDAQ
CFMS,NASDAQ
CFNB,NASDAQ
CFNL,NASDAQ
CFO,NASDAQ
CFRX,NASDAQ
CFRXW,NASDAQ
CG,NASDAQ
CGEN,NASDAQ
CGIX,NASDAQ
CGNT,NASDAQ
CGNX,NASDAQ
CGO,NASDAQ
CHCI,NASDAQ
CHCO,NASDAQ
CHDN,NASDAQ
CHEF,NASDAQ
CHEK,NASDAQ
CHEKW,NASDAQ
CHFC,NASDAQ
CHFN,NASDAQ
CHI,NASDAQ
CHKE,NASDAQ
CHKP,NASDAQ
CHMA,NASDAQ
CHMG,NASDAQ
CHNR,NASDAQ
CHRS,NASDAQ
CHRW,NASDAQ
CHSCL,NASDAQ
CHSCM,NASDAQ
CHSCN,NASDAQ
CHSCO,NASDAQ
CHSCP,NASDAQ
CHTR,NASDAQ
CHUBA,NASDAQ
CHUBK,NASDAQ
CHUY,NASDAQ
CHW,NASDAQ
CHY,NASDAQ
CIBR,NASDAQ
CID,NASDAQ
CIDM,NASDAQ
CIGI,NASDAQ
CIL,NASDAQ
CINF,NASDAQ
CIVB,NASDAQ
CIZ,NASDAQ
CJJD,NASDAQ
CLAC,NASDAQ
CLACU,NASDAQ
CLACW,NASDAQ
CLBH,NASDAQ
CLBS,NASDAQ
CLCD,NASDAQ
CLCT,NASDAQ
CLDX,NASDAQ
CLFD,NASDAQ
CLIR,NASDAQ
CLLS,NASDAQ
CLMS,NASDAQ
CLMT,NASDAQ
CLNE,NASDAQ
CLNT,NASDAQ
CLRB,NASDAQ
CLRBZ,NASDAQ
CLRO,NASDAQ
CLSD,NASDAQ
CLSN,NASDAQ
CLUB,NASDAQ
CLVS,NASDAQ
CLWT,NASDAQ
CMCO,NASDAQ
CMCSA,NASDAQ
CME,NASDAQ
CMFN,NASDAQ
CMLS,NASDAQ
CMPR,NASDAQ
CMRX,NASDAQ
CMTL,NASDAQ
CNAT,NASDAQ
CNBKA,NASDAQ
CNCE,NASDAQ
CNCR,NASDAQ
CNET,NASDAQ
CNFR,NASDAQ
CNIT,NASDAQ
CNMD,NASDAQ
CNOB,NASDAQ
CNSL,NASDAQ
CNTF,NASDAQ
CNTY,NASDAQ
CNV,NASDAQ
CNXN,NASDAQ
CNXR,NASDAQ
COBZ,NASDAQ
COGT,NASDAQ
COHR,NASDAQ
COHU,NASDAQ
COKE,NASDAQ
COLB,NASDAQ
COLL,NASDAQ
COLM,NASDAQ
COMM,NASDAQ
COMT,NASDAQ
CONE,NASDAQ
CONN,NASDAQ
COOL,NASDAQ
CORE,NASDAQ
CORI,NASDAQ
CORT,NASDAQ
COST,NASDAQ
COUP,NASDAQ
COVS,NASDAQ
COWN,NASDAQ
COWNL,NASDAQ
COYN,NASDAQ
CPAH,NASDAQ
CPHC,NASDAQ
CPIX,NASDAQ
CPLA,NASDAQ
CPLP,NASDAQ
CPRT,NASDAQ
CPRX,NASDAQ
CPSH,NASDAQ
CPSI,NASDAQ
CPSS,NASDAQ
CPST,NASDAQ
CPTA,NASDAQ
CRAI,NASDAQ
CRAY,NASDAQ
CRBP,NASDAQ
CRDS,NASDAQ
CRDT,NASDAQ
CREE,NASDAQ
CREG,NASDAQ
CRESY,NASDAQ
CRIS,NASDAQ
CRME,NASDAQ
CRMT,NASDAQ
CRNT,NASDAQ
CROX,NASDAQ
CRSP,NASDAQ
CRTN,NASDAQ
CRTO,NASDAQ
CRUS,NASDAQ
CRVL,NASDAQ
CRVS,NASDAQ
CRWS,NASDAQ
CRZO,NASDAQ
CSA,NASDAQ
CSAL,NASDAQ
CSB,NASDAQ
CSBK,NASDAQ
CSBR,NASDAQ
CSCO,NASDAQ
CSF,NASDAQ
CSFL,NASDAQ
CSGP,NASDAQ
CSGS,NASDAQ
CSII,NASDAQ
CSIQ,NASDAQ
CSOD,NASDAQ
CSPI,NASDAQ
CSQ,NASDAQ
CSTE,NASDAQ
CSTR,NASDAQ
CSWC,NASDAQ
CSWI,NASDAQ
CSX,NASDAQ
CTAS,NASDAQ
CTBI,NASDAQ
CTG,NASDAQ
CTHR,NASDAQ
CTIB,NASDAQ
CTIC,NASDAQ
CTMX,NASDAQ
CTRE,NASDAQ
CTRL,NASDAQ
CTRN,NASDAQ
CTRP,NASDAQ
CTRV,NASDAQ
CTSH,NASDAQ
CTSO,NASDAQ
CTWS,NASDAQ
CTXS,NASDAQ
CUBA,NASDAQ
CUBN,NASDAQ
CUI,NASDAQ
CUNB,NASDAQ
CUR,NASDAQ
CUTR,NASDAQ
CVBF,NASDAQ
CVCO,NASDAQ
CVCY,NASDAQ
CVGI,NASDAQ
CVGW,NASDAQ
CVLT,NASDAQ
CVLY,NASDAQ
CVTI,NASDAQ
CVV,NASDAQ
CWAY,NASDAQ
CWBC,NASDAQ
CWCO,NASDAQ
CWST,NASDAQ
CXDC,NASDAQ
CXRX,NASDAQ
CY,NASDAQ
CYAN,NASDAQ
CYBE,NASDAQ
CYBR,NASDAQ
CYCC,NASDAQ
CYHHZ,NASDAQ
CYNO,NASDAQ
CYOU,NASDAQ
CYRN,NASDAQ
CYRX,NASDAQ
CYRXW,NASDAQ
CYTK,NASDAQ
CYTR,NASDAQ
CYTX,NASDAQ
CYTXW,NASDAQ
CZFC,NASDAQ
CZNC,NASDAQ
CZR,NASDAQ
CZWI,NASDAQ
DAIO,NASDAQ
DAKT,NASDAQ
DAVE,NASDAQ
DAX,NASDAQ
DBVT,NASDAQ
DCIX,NASDAQ
DCOM,NASDAQ
DCTH,NASDAQ
DDBI,NASDAQ
DELT,NASDAQ
DELTW,NASDAQ
DENN,NASDAQ
DEPO,NASDAQ
DERM,NASDAQ
DEST,NASDAQ
DFBG,NASDAQ
DFFN,NASDAQ
DFNL,NASDAQ
DFRG,NASDAQ
DFVL,NASDAQ
DGAS,NASDAQ
DGICA,NASDAQ
DGII,NASDAQ
DGLD,NASDAQ
DGLY,NASDAQ
DGRE,NASDAQ
DGRS,NASDAQ
DGRW,NASDAQ
DHIL,NASDAQ
DHXM,NASDAQ
DIOD,NASDAQ
DISCA,NASDAQ
DISCK,NASDAQ
DISH,NASDAQ
DJCO,NASDAQ
DLBS,NASDAQ
DLHC,NASDAQ
DLTH,NASDAQ
DLTR,NASDAQ
DMLP,NASDAQ
DMPI,NASDAQ
DMRC,NASDAQ
DMTX,NASDAQ
DNBF,NASDAQ
DNKN,NASDAQ
DORM,NASDAQ
DOX,NASDAQ
DPRX,NASDAQ
DRAD,NASDAQ
DRAM,NASDAQ
DRIO,NASDAQ
DRIOW,NASDAQ
DRNA,NASDAQ
DRRX,NASDAQ
DRWI,NASDAQ
DRYS,NASDAQ
DSCI,NASDAQ
DSGX,NASDAQ
DSLV,NASDAQ
DSPG,NASDAQ
DSWL,NASDAQ
DTEA,NASDAQ
DTRM,NASDAQ
DTUS,NASDAQ
DTYS,NASDAQ
DUSA,NASDAQ
DVAX,NASDAQ
DVCR,NASDAQ
DWAC,NASDAQ
DWAQ,NASDAQ
DWAS,NASDAQ
DWAT,NASDAQ
DWCH,NASDAQ
DWFI,NASDAQ
DWIN,NASDAQ
DWLD,NASDAQ
DWSN,NASDAQ
DWTR,NASDAQ
DXCM,NASDAQ
DXGE,NASDAQ
DXJS,NASDAQ
DXKW,NASDAQ
DXLG,NASDAQ
DXPE,NASDAQ
DXPS,NASDAQ
DXTR,NASDAQ
DXYN,NASDAQ
DYNT,NASDAQ
DYSL,NASDAQ
DZSI,NASDAQ
EA,NASDAQ
EAGL,NASDAQ
EAGLU,NASDAQ
EARS,NASDAQ
EBAY,NASDAQ
EBAYL,NASDAQ
EBIO,NASDAQ
EBIX,NASDAQ
EBMT,NASDAQ
EBSB,NASDAQ
EBTC,NASDAQ
ECAC,NASDAQ
ECHO,NASDAQ
ECOL,NASDAQ
ECPG,NASDAQ
ECYT,NASDAQ
EDAP,NASDAQ
EDGE,NASDAQ
EDGW,NASDAQ
EDIT,NASDAQ
EDUC,NASDAQ
EEFT,NASDAQ
EEI,NASDAQ
EEMA,NASDAQ
EFII,NASDAQ
EFOI,NASDAQ
EFSC,NASDAQ
EGAN,NASDAQ
EGBN,NASDAQ
EGHT,NASDAQ
EGLE,NASDAQ
EGLT,NASDAQ
EGOV,NASDAQ
EGRX,NASDAQ
EGT,NASDAQ
EHTH,NASDAQ
EIGI,NASDAQ
EIGR,NASDAQ
EKSO,NASDAQ
ELGX,NASDAQ
ELNK,NASDAQ
ELON,NASDAQ
ELOS,NASDAQ
ELSE,NASDAQ
ELTK,NASDAQ
EMCB,NASDAQ
EMCF,NASDAQ
EMCG,NASDAQ
EMCI,NASDAQ
EMIF,NASDAQ
EMITF,NASDAQ
EMKR,NASDAQ
EML,NASDAQ
EMMS,NASDAQ
ENDP,NASDAQ
ENFC,NASDAQ
ENG,NASDAQ
ENOC,NASDAQ
ENPH,NASDAQ
ENSG,NASDAQ
ENT,NASDAQ
ENTA,NASDAQ
ENTG,NASDAQ
ENTL,NASDAQ
ENZL,NASDAQ
ENZY,NASDAQ
EPAY,NASDAQ
EPZM,NASDAQ
EQBK,NASDAQ
EQIX,NASDAQ
ERI,NASDAQ
ERIC,NASDAQ
ERIE,NASDAQ
ERII,NASDAQ
ERS,NASDAQ
ESBK,NASDAQ
ESCA,NASDAQ
ESEA,NASDAQ
ESES,NASDAQ
ESGD,NASDAQ
ESGE,NASDAQ
ESGR,NASDAQ
ESIO,NASDAQ
ESLT,NASDAQ
ESND,NASDAQ
ESPR,NASDAQ
ESRX,NASDAQ
ESSA,NASDAQ
ESXB,NASDAQ
ETFC,NASDAQ
ETRM,NASDAQ
ETSY,NASDAQ
EUFN,NASDAQ
EVAR,NASDAQ
EVBG,NASDAQ
EVBS,NASDAQ
EVEP,NASDAQ
EVGBC,NASDAQ
EVGN,NASDAQ
EVK,NASDAQ
EVLMC,NASDAQ
EVLV,NASDAQ
EVOK,NASDAQ
EVOL,NASDAQ
EVSTC,NASDAQ
EWBC,NASDAQ
EWZS,NASDAQ
EXA,NASDAQ
EXAC,NASDAQ
EXAS,NASDAQ
EXEL,NASDAQ
EXFO,NASDAQ
EXLS,NASDAQ
EXPD,NASDAQ
EXPE,NASDAQ
EXPO,NASDAQ
EXTR,NASDAQ
EYEG,NASDAQ
EYES,NASDAQ
EZPW,NASDAQ
FAAR,NASDAQ
FAB,NASDAQ
FAD,NASDAQ
FALC,NASDAQ
FALN,NASDAQ
FANG,NASDAQ
FANH,NASDAQ
FARM,NASDAQ
FARO,NASDAQ
FAST,NASDAQ
FATE,NASDAQ
FB,NASDAQ
FBIO,NASDAQ
FBIZ,NASDAQ
FBMS,NASDAQ
FBNC,NASDAQ
FBNK,NASDAQ
FBRC,NASDAQ
FBZ,NASDAQ
FCAN,NASDAQ
FCBC,NASDAQ
FCCO,NASDAQ
FCCY,NASDAQ
FCEF,NASDAQ
FCEL,NASDAQ
FCFP,NASDAQ
FCNCA,NASDAQ
FCSC,NASDAQ
FCVT,NASDAQ
FDEF,NASDAQ
FDIV,NASDAQ
FDML,NASDAQ
FDT,NASDAQ
FDUS,NASDAQ
FEIM,NASDAQ
FELE,NASDAQ
FEM,NASDAQ
FEMB,NASDAQ
FEMS,NASDAQ
FENX,NASDAQ
FEP,NASDAQ
FEUZ,NASDAQ
FEX,NASDAQ
FEYE,NASDAQ
FFBC,NASDAQ
FFHL,NASDAQ
FFIC,NASDAQ
FFIN,NASDAQ
FFIV,NASDAQ
FFKT,NASDAQ
FFNW,NASDAQ
FFWM,NASDAQ
FGBI,NASDAQ
FGEN,NASDAQ
FGM,NASDAQ
FH,NASDAQ
FHB,NASDAQ
FHCO,NASDAQ
FHK,NASDAQ
FIBK,NASDAQ
FINL,NASDAQ
FINX,NASDAQ
FISI,NASDAQ
FISV,NASDAQ
FITB,NASDAQ
FITBI,NASDAQ
FIVE,NASDAQ
FIVN,NASDAQ
FIZZ,NASDAQ
FJP,NASDAQ
FKO,NASDAQ
FKU,NASDAQ
FLAG,NASDAQ
FLAT,NASDAQ
FLDM,NASDAQ
FLEX,NASDAQ
FLGT,NASDAQ
FLIC,NASDAQ
FLIR,NASDAQ
FLKS,NASDAQ
FLL,NASDAQ
FLN,NASDAQ
FLWS,NASDAQ
FLXN,NASDAQ
FLXS,NASDAQ
FMB,NASDAQ
FMBH,NASDAQ
FMBI,NASDAQ
FMI,NASDAQ
FMK,NASDAQ
FMNB,NASDAQ
FNBC,NASDAQ
FNCX,NASDAQ
FNGN,NASDAQ
FNHC,NASDAQ
FNJN,NASDAQ
FNK,NASDAQ
FNLC,NASDAQ
FNSR,NASDAQ
FNWB,NASDAQ
FNX,NASDAQ
FNY,NASDAQ
FOGO,NASDAQ
FOLD,NASDAQ
FOMX,NASDAQ
FONR,NASDAQ
FORD,NASDAQ
FORK,NASDAQ
FORM,NASDAQ
FORR,NASDAQ
FOSL,NASDAQ
FOX,NASDAQ
FOXA,NASDAQ
FOXF,NASDAQ
FPA,NASDAQ
FPAY,NASDAQ
FPRX,NASDAQ
FPXI,NASDAQ
FRAN,NASDAQ
FRBA,NASDAQ
FRBK,NASDAQ
FRED,NASDAQ
FRGI,NASDAQ
FRME,NASDAQ
FRP,NASDAQ
FRPH,NASDAQ
FRPT,NASDAQ
FRSH,NASDAQ
FRTA,NASDAQ
FSAM,NASDAQ
FSBC,NASDAQ
FSBK,NASDAQ
FSBW,NASDAQ
FSC,NASDAQ
FSCFL,NASDAQ
FSFG,NASDAQ
FSFR,NASDAQ
FSLR,NASDAQ
FSNN,NASDAQ
FSTR,NASDAQ
FSV,NASDAQ
FSZ,NASDAQ
FTA,NASDAQ
FTC,NASDAQ
FTCS,NASDAQ
FTD,NASDAQ
FTEK,NASDAQ
FTGC,NASDAQ
FTHI,NASDAQ
FTNT,NASDAQ
FTR,NASDAQ
FTRI,NASDAQ
FTRPR,NASDAQ
FTSL,NASDAQ
FTSM,NASDAQ
FTW,NASDAQ
FTXG,NASDAQ
FTXH,NASDAQ
FTXL,NASDAQ
FTXO,NASDAQ
FUEL,NASDAQ
FULLL,NASDAQ
FULT,NASDAQ
FUNC,NASDAQ
FUND,NASDAQ
FUSB,NASDAQ
FV,NASDAQ
FVC,NASDAQ
FVE,NASDAQ
FWP,NASDAQ
FWRD,NASDAQ
FXCM,NASDAQ
FYC,NASDAQ
FYT,NASDAQ
FYX,NASDAQ
GABC,NASDAQ
GAIA,NASDAQ
GAIN,NASDAQ
GAINM,NASDAQ
GAINN,NASDAQ
GALE,NASDAQ
GALT,NASDAQ
GALTU,NASDAQ
GALTW,NASDAQ
GARS,NASDAQ
GASS,NASDAQ
GBCI,NASDAQ
GBDC,NASDAQ
GBLI,NASDAQ
GBLIZ,NASDAQ
GBNK,NASDAQ
GBT,NASDAQ
GCBC,NASDAQ
GCVRZ,NASDAQ
GDEN,NASDAQ
GDS,NASDAQ
GEC,NASDAQ
GECC,NASDAQ
GEMP,NASDAQ
GENC,NASDAQ
GENE,NASDAQ
GENY,NASDAQ
GEOS,NASDAQ
GERN,NASDAQ
GEVO,NASDAQ
GFED,NASDAQ
GFN,NASDAQ
GFNCP,NASDAQ
GFNSL,NASDAQ
GGAL,NASDAQ
GHDX,NASDAQ
GIFI,NASDAQ
GIGA,NASDAQ
GIGM,NASDAQ
GIII,NASDAQ
GILD,NASDAQ
GILT,NASDAQ
GK,NASDAQ
GLAD,NASDAQ
GLBL,NASDAQ
GLBS,NASDAQ
GLDD,NASDAQ
GLDI,NASDAQ
GLMD,NASDAQ
GLNG,NASDAQ
GLPG,NASDAQ
GLPI,NASDAQ
GLRE,NASDAQ
GLUU,NASDAQ
GLYC,NASDAQ
GMAN,NASDAQ
GMLP,NASDAQ
GNBC,NASDAQ
GNCA,NASDAQ
GNCMA,NASDAQ
GNMA,NASDAQ
GNMK,NASDAQ
GNMX,NASDAQ
GNRX,NASDAQ
GNTX,NASDAQ
GNUS,NASDAQ
GNVC,NASDAQ
GOGL,NASDAQ
GOGO,NASDAQ
GOLD,NASDAQ
GOOD,NASDAQ
GOODM,NASDAQ
GOODO,NASDAQ
GOODP,NASDAQ
GOOG,NASDAQ
GOOGL,NASDAQ
GOV,NASDAQ
GOVNI,NASDAQ
GPAC,NASDAQ
GPACW,NASDAQ
GPIAW,NASDAQ
GPIC,NASDAQ
GPOR,NASDAQ
GPP,NASDAQ
GPRE,NASDAQ
GPRO,NASDAQ
GRBK,NASDAQ
GRFS,NASDAQ
GRID,NASDAQ
GRIF,NASDAQ
GRMN,NASDAQ
GROW,NASDAQ
GRPN,NASDAQ
GRVY,NASDAQ
GSBC,NASDAQ
GSHTU,NASDAQ
GSIT,NASDAQ
GSM,NASDAQ
GSOL,NASDAQ
GSUM,NASDAQ
GSVC,NASDAQ
GT,NASDAQ
GTIM,NASDAQ
GTLS,NASDAQ
GTWN,NASDAQ
GTXI,NASDAQ
GTYHU,NASDAQ
GUID,NASDAQ
GULF,NASDAQ
GURE,NASDAQ
GWGH,NASDAQ
GWPH,NASDAQ
GWRS,NASDAQ
GYRO,NASDAQ
HA,NASDAQ
HABT,NASDAQ
HAFC,NASDAQ
HAIN,NASDAQ
HALL,NASDAQ
HALO,NASDAQ
HAS,NASDAQ
HAWK,NASDAQ
HAYN,NASDAQ
HBAN,NASDAQ
HBANN,NASDAQ
HBANO,NASDAQ
HBANP,NASDAQ
HBCP,NASDAQ
HBHC,NASDAQ
HBHCL,NASDAQ
HBIO,NASDAQ
HBNC,NASDAQ
HBP,NASDAQ
HCAC,NASDAQ
HCACW,NASDAQ
HCAP,NASDAQ
HCAPL,NASDAQ
HCCI,NASDAQ
HCKT,NASDAQ
HCM,NASDAQ
HCOM,NASDAQ
HCSG,NASDAQ
HDNG,NASDAQ
HDP,NASDAQ
HDS,NASDAQ
HDSN,NASDAQ
HEAR,NASDAQ
HEBT,NASDAQ
HEES,NASDAQ
HELE,NASDAQ
HEOP,NASDAQ
HFBC,NASDAQ
HFWA,NASDAQ
HGSH,NASDAQ
HIBB,NASDAQ
HIFS,NASDAQ
HIHO,NASDAQ
HIIQ,NASDAQ
HIMX,NASDAQ
HLIT,NASDAQ
HMHC,NASDAQ
HMNF,NASDAQ
HMNY,NASDAQ
HMST,NASDAQ
HMSY,NASDAQ
HMTA,NASDAQ
HMTV,NASDAQ
HNH,NASDAQ
HNNA,NASDAQ
HNRG,NASDAQ
HOFT,NASDAQ
HOLI,NASDAQ
HOLX,NASDAQ
HOMB,NASDAQ
HONE,NASDAQ
HOPE,NASDAQ
HOTR,NASDAQ
HOTRW,NASDAQ
HOVNP,NASDAQ
HPJ,NASDAQ
HPT,NASDAQ
HPTRP,NASDAQ
HQCL,NASDAQ
HQY,NASDAQ
HRMNW,NASDAQ
HRTX,NASDAQ
HRZN,NASDAQ
HSGX,NASDAQ
HSIC,NASDAQ
HSII,NASDAQ
HSKA,NASDAQ
HSNI,NASDAQ
HSON,NASDAQ
HSTM,NASDAQ
HTBI,NASDAQ
HTBK,NASDAQ
HTBX,NASDAQ
HTGM,NASDAQ
HTHT,NASDAQ
HTLD,NASDAQ
HTLF,NASDAQ
HUBG,NASDAQ
HUNTU,NASDAQ
HURC,NASDAQ
HURN,NASDAQ
HVBC,NASDAQ
HWBK,NASDAQ
HWCC,NASDAQ
HWKN,NASDAQ
HYGS,NASDAQ
HYLS,NASDAQ
HYND,NASDAQ
HYZD,NASDAQ
HZNP,NASDAQ
IAC,NASDAQ
IART,NASDAQ
IBB,NASDAQ
IBCP,NASDAQ
IBKC,NASDAQ
IBKCO,NASDAQ
IBKCP,NASDAQ
IBKR,NASDAQ
IBOC,NASDAQ
IBTX,NASDAQ
IBUY,NASDAQ
ICAD,NASDAQ
ICBK,NASDAQ
ICCC,NASDAQ
ICFI,NASDAQ
ICHR,NASDAQ
ICLN,NASDAQ
ICLR,NASDAQ
ICON,NASDAQ
ICPT,NASDAQ
ICUI,NASDAQ
IDCC,NASDAQ
IDLB,NASDAQ
IDRA,NASDAQ
IDSA,NASDAQ
IDSY,NASDAQ
IDTI,NASDAQ
IDXG,NASDAQ
IDXX,NASDAQ
IEP,NASDAQ
IESC,NASDAQ
IEUS,NASDAQ
IFEU,NASDAQ
IFGL,NASDAQ
IFON,NASDAQ
IFV,NASDAQ
IGF,NASDAQ
IGLD,NASDAQ
IGOV,NASDAQ
III,NASDAQ
IIIN,NASDAQ
IIJI,NASDAQ
IIN,NASDAQ
IIVI,NASDAQ
IKGH,NASDAQ
ILG,NASDAQ
ILMN,NASDAQ
IMDZ,NASDAQ
IMGN,NASDAQ
IMI,NASDAQ
IMKTA,NASDAQ
IMMR,NASDAQ
IMMU,NASDAQ
IMMY,NASDAQ
IMNP,NASDAQ
IMOS,NASDAQ
IMPV,NASDAQ
INAP,NASDAQ
INBK,NASDAQ
INBKL,NASDAQ
INCR,NASDAQ
INCY,NASDAQ
INDB,NASDAQ
INDY,NASDAQ
INFI,NASDAQ
INFN,NASDAQ
INFO,NASDAQ
INFR,NASDAQ
INGN,NASDAQ
INNL,NASDAQ
INO,NASDAQ
INOD,NASDAQ
INOV,NASDAQ
INSE,NASDAQ
INSEW,NASDAQ
INSG,NASDAQ
INSM,NASDAQ
INSY,NASDAQ
INTC,NASDAQ
INTG,NASDAQ
INTL,NASDAQ
INTU,NASDAQ
INTX,NASDAQ
INVA,NASDAQ
INVE,NASDAQ
INVT,NASDAQ
INWK,NASDAQ
IONS,NASDAQ
IOSP,NASDAQ
IOTS,NASDAQ
IPAR,NASDAQ
IPAS,NASDAQ
IPCC,NASDAQ
IPCI,NASDAQ
IPDN,NASDAQ
IPGP,NASDAQ
IPHS,NASDAQ
IPKW,NASDAQ
IPWR,NASDAQ
IPXL,NASDAQ
IQNT,NASDAQ
IRBT,NASDAQ
IRDM,NASDAQ
IRG,NASDAQ
IRIX,NASDAQ
IRMD,NASDAQ
IROQ,NASDAQ
IRTC,NASDAQ
IRWD,NASDAQ
ISBC,NASDAQ
ISCA,NASDAQ
ISHG,NASDAQ
ISIG,NASDAQ
ISIL,NASDAQ
ISLE,NASDAQ
ISM,NASDAQ
ISNS,NASDAQ
ISRG,NASDAQ
ISRL,NASDAQ
ISSC,NASDAQ
ISTR,NASDAQ
ITCI,NASDAQ
ITEK,NASDAQ
ITEQ,NASDAQ
ITI,NASDAQ
ITIC,NASDAQ
ITRI,NASDAQ
ITRN,NASDAQ
ITUS,NASDAQ
IVAC,NASDAQ
IVENC,NASDAQ
IVFGC,NASDAQ
IVFVC,NASDAQ
IVTY,NASDAQ
IXUS,NASDAQ
IXYS,NASDAQ
IZEA,NASDAQ
JACK,NASDAQ
JAGX,NASDAQ
JAKK,NASDAQ
JASN,NASDAQ
JASNW,NASDAQ
JASO,NASDAQ
JAZZ,NASDAQ
JBHT,NASDAQ
JBLU,NASDAQ
JBSS,NASDAQ
JCOM,NASDAQ
JCS,NASDAQ
JD,NASDAQ
JIVE,NASDAQ
JJSF,NASDAQ
JKHY,NASDAQ
JKI,NASDAQ
JMBA,NASDAQ
JMU,NASDAQ
JNP,NASDAQ
JOBS,NASDAQ
JOUT,NASDAQ
JRJC,NASDAQ
JRVR,NASDAQ
JSM,NASDAQ
JSMD,NASDAQ
JSML,NASDAQ
JSYN,NASDAQ
JSYNW,NASDAQ
JTPY,NASDAQ
JUNO,NASDAQ
JVA,NASDAQ
JXSB,NASDAQ
JYNT,NASDAQ
KALU,NASDAQ
KALV,NASDAQ
KANG,NASDAQ
KBAL,NASDAQ
KBSF,NASDAQ
KBWB,NASDAQ
KBWD,NASDAQ
KBWP,NASDAQ
KBWR,NASDAQ
KBWY,NASDAQ
KCAP,NASDAQ
KE,NASDAQ
KELYA,NASDAQ
KEQU,NASDAQ
KERX,NASDAQ
KEYW,NASDAQ
KFFB,NASDAQ
KFRC,NASDAQ
KGJI,NASDAQ
KHC,NASDAQ
KIN,NASDAQ
KINS,NASDAQ
KIRK,NASDAQ
KITE,NASDAQ
KLAC,NASDAQ
KLIC,NASDAQ
KLREW,NASDAQ
KLXI,NASDAQ
KMDA,NASDAQ
KMPH,NASDAQ
KNDI,NASDAQ
KNSL,NASDAQ
KONA,NASDAQ
KONE,NASDAQ
KOOL,NASDAQ
KOPN,NASDAQ
KOSS,NASDAQ
KPTI,NASDAQ
KRMA,NASDAQ
KRNT,NASDAQ
KRNY,NASDAQ
KTCC,NASDAQ
KTEC,NASDAQ
KTOS,NASDAQ
KTOV,NASDAQ
KTOVW,NASDAQ
KTWO,NASDAQ
KURA,NASDAQ
KVHI,NASDAQ
KWEB,NASDAQ
KZ,NASDAQ
LABL,NASDAQ
LAKE,NASDAQ
LALT,NASDAQ
LAMR,NASDAQ
LANC,NASDAQ
LAND,NASDAQ
LANDP,NASDAQ
LARK,NASDAQ
LAWS,NASDAQ
LAYN,NASDAQ
LBAI,NASDAQ
LBIO,NASDAQ
LBIX,NASDAQ
LBRDA,NASDAQ
LBRDK,NASDAQ
LBTYA,NASDAQ
LBTYK,NASDAQ
LCAHU,NASDAQ
LCNB,NASDAQ
LCUT,NASDAQ
LDRI,NASDAQ
LE,NASDAQ
LECO,NASDAQ
LEDS,NASDAQ
LENS,NASDAQ
LEXEA,NASDAQ
LFUS,NASDAQ
LFVN,NASDAQ
LGCY,NASDAQ
LGCYO,NASDAQ
LGCYP,NASDAQ
LGIH,NASDAQ
LGND,NASDAQ
LHCG,NASDAQ
LIFE,NASDAQ
LILA,NASDAQ
LILAK,NASDAQ
LINC,NASDAQ
LIND,NASDAQ
LINDW,NASDAQ
LINK,NASDAQ
LION,NASDAQ
LIOX,NASDAQ
LITE,NASDAQ
LIVE,NASDAQ
LIVN,NASDAQ
LJPC,NASDAQ
LKFN,NASDAQ
LKOR,NASDAQ
LKQ,NASDAQ
LLIT,NASDAQ
LLNW,NASDAQ
LLTC,NASDAQ
LMAT,NASDAQ
LMB,NASDAQ
LMBS,NASDAQ
LMCA,NASDAQ
LMCK,NASDAQ
LMFAW,NASDAQ
LMIA,NASDAQ
LMNR,NASDAQ
LMNX,NASDAQ
LMOS,NASDAQ
LMRK,NASDAQ
LMRKO,NASDAQ
LMRKP,NASDAQ
LNCE,NASDAQ
LNDC,NASDAQ
LNTH,NASDAQ
LOAN,NASDAQ
LOB,NASDAQ
LOCO,NASDAQ
LOGI,NASDAQ
LOGM,NASDAQ
LONE,NASDAQ
LOPE,NASDAQ
LORL,NASDAQ
LOXO,NASDAQ
LPCN,NASDAQ
LPLA,NASDAQ
LPNT,NASDAQ
LPSN,NASDAQ
LPTH,NASDAQ
LQDT,NASDAQ
LRAD,NASDAQ
LRCX,NASDAQ
LSBK,NASDAQ
LSCC,NASDAQ
LSTR,NASDAQ
LSXMA,NASDAQ
LSXMB,NASDAQ
LSXMK,NASDAQ
LTBR,NASDAQ
LTEA,NASDAQ
LTRPA,NASDAQ
LTRX,NASDAQ
LTXB,NASDAQ
LULU,NASDAQ
LUNA,NASDAQ
LVHD,NASDAQ
LVNTA,NASDAQ
LWAY,NASDAQ
LXRX,NASDAQ
LYTS,NASDAQ
MACK,NASDAQ
MACQW,NASDAQ
MAGS,NASDAQ
MAMS,NASDAQ
MANH,NASDAQ
MANT,NASDAQ
MAR,NASDAQ
MARA,NASDAQ
MARK,NASDAQ
MARPS,NASDAQ
MASI,NASDAQ
MAT,NASDAQ
MATR,NASDAQ
MATW,NASDAQ
MB,NASDAQ
MBFI,NASDAQ
MBFIP,NASDAQ
MBII,NASDAQ
MBOT,NASDAQ
MBRG,NASDAQ
MBRX,NASDAQ
MBSD,NASDAQ
MBTF,NASDAQ
MBUU,NASDAQ
MBVT,NASDAQ
MBVX,NASDAQ
MBWM,NASDAQ
MCBC,NASDAQ
MCEF,NASDAQ
MCEP,NASDAQ
MCFT,NASDAQ
MCHI,NASDAQ
MCHP,NASDAQ
MCHX,NASDAQ
MCRB,NASDAQ
MCRI,NASDAQ
MCUR,NASDAQ
MDCA,NASDAQ
MDCO,NASDAQ
MDGL,NASDAQ
MDGS,NASDAQ
MDIV,NASDAQ
MDLZ,NASDAQ
MDRX,NASDAQ
MDSO,NASDAQ
MDSY,NASDAQ
MDVX,NASDAQ
MDWD,NASDAQ
MDXG,NASDAQ
MEDP,NASDAQ
MEET,NASDAQ
MEIP,NASDAQ
MELI,NASDAQ
MEMP,NASDAQ
MENT,NASDAQ
MEOH,NASDAQ
MERC,NASDAQ
MESO,NASDAQ
MFIN,NASDAQ
MFINL,NASDAQ
MFNC,NASDAQ
MFRI,NASDAQ
MFSF,NASDAQ
MGCD,NASDAQ
MGEE,NASDAQ
MGI,NASDAQ
MGIC,NASDAQ
MGLN,NASDAQ
MGNX,NASDAQ
MGPI,NASDAQ
MGRC,NASDAQ
MGYR,NASDAQ
MHLD,NASDAQ
MICT,NASDAQ
MICTW,NASDAQ
MIDD,NASDAQ
MIIIU,NASDAQ
MIIIW,NASDAQ
MIK,NASDAQ
MILN,NASDAQ
MIME,NASDAQ
MIND,NASDAQ
MINDP,NASDAQ
MINI,NASDAQ
MIRN,NASDAQ
MITK,NASDAQ
MITL,NASDAQ
MKSI,NASDAQ
MKTX,NASDAQ
MLAB,NASDAQ
MLHR,NASDAQ
MLNK,NASDAQ
MLNX,NASDAQ
MLVF,NASDAQ
MMAC,NASDAQ
MMLP,NASDAQ
MMSI,NASDAQ
MMYT,NASDAQ
MNDO,NASDAQ
MNGA,NASDAQ
MNKD,NASDAQ
MNOV,NASDAQ
MNRO,NASDAQ
MNST,NASDAQ
MNTA,NASDAQ
MNTX,NASDAQ
MOBL,NASDAQ
MOCO,NASDAQ
MOFG,NASDAQ
MOMO,NASDAQ
MORN,NASDAQ
MOSY,NASDAQ
MOXC,NASDAQ
MPAA,NASDAQ
MPB,NASDAQ
MPCT,NASDAQ
MPEL,NASDAQ
MPET,NASDAQ
MPVD,NASDAQ
MPWR,NASDAQ
MRAM,NASDAQ
MRCC,NASDAQ
MRCY,NASDAQ
MRLN,NASDAQ
MRNS,NASDAQ
MRTN,NASDAQ
MRTX,NASDAQ
MRUS,NASDAQ
MRVC,NASDAQ
MRVL,NASDAQ
MSBF,NASDAQ
MSBI,NASDAQ
MSCC,NASDAQ
MSDI,NASDAQ
MSEX,NASDAQ
MSFG,NASDAQ
MSFT,NASDAQ
MSLI,NASDAQ
MSON,NASDAQ
MSTR,NASDAQ
MTBC,NASDAQ
MTBCP,NASDAQ
MTCH,NASDAQ
MTEX,NASDAQ
MTFB,NASDAQ
MTFBW,NASDAQ
MTGE,NASDAQ
MTLS,NASDAQ
MTP,NASDAQ
MTRX,NASDAQ
MTSC,NASDAQ
MTSI,NASDAQ
MTSL,NASDAQ
MU,NASDAQ
MVIS,NASDAQ
MXIM,NASDAQ
MXPT,NASDAQ
MXWL,NASDAQ
MYGN,NASDAQ
MYL,NASDAQ
MYOK,NASDAQ
MYOS,NASDAQ
MYRG,NASDAQ
MZOR,NASDAQ
NAII,NASDAQ
NAKD,NASDAQ
NAME,NASDAQ
NANO,NASDAQ
NATH,NASDAQ
NATI,NASDAQ
NATR,NASDAQ
NAUH,NASDAQ
NAVG,NASDAQ
NAVI,NASDAQ
NBIX,NASDAQ
NBN,NASDAQ
NBRV,NASDAQ
NBTB,NASDAQ
NCBS,NASDAQ
NCIT,NASDAQ
NCLH,NASDAQ
NCMI,NASDAQ
NCOM,NASDAQ
NCTY,NASDAQ
NDAQ,NASDAQ
NDLS,NASDAQ
NDRM,NASDAQ
NDSN,NASDAQ
NEO,NASDAQ
NEOG,NASDAQ
NEON,NASDAQ
NEOS,NASDAQ
NEOT,NASDAQ
NEPT,NASDAQ
NERV,NASDAQ
NETE,NASDAQ
NEWS,NASDAQ
NEWT,NASDAQ
NEWTL,NASDAQ
NEWTZ,NASDAQ
NFBK,NASDAQ
NFEC,NASDAQ
NFLX,NASDAQ
NGHC,NASDAQ
NGHCN,NASDAQ
NGHCO,NASDAQ
NGHCP,NASDAQ
NGHCZ,NASDAQ
NH,NASDAQ
NHLD,NASDAQ
NHTC,NASDAQ
NICE,NASDAQ
NICK,NASDAQ
NIHD,NASDAQ
NILE,NASDAQ
NK,NASDAQ
NKSH,NASDAQ
NKTR,NASDAQ
NLNK,NASDAQ
NLST,NASDAQ
NMIH,NASDAQ
NMRX,NASDAQ
NNBR,NASDAQ
NNDM,NASDAQ
NOVN,NASDAQ
NOVT,NASDAQ
NRCIA,NASDAQ
NRCIB,NASDAQ
NRIM,NASDAQ
NSIT,NASDAQ
NSSC,NASDAQ
NSTG,NASDAQ
NSYS,NASDAQ
NTAP,NASDAQ
NTCT,NASDAQ
NTEC,NASDAQ
NTES,NASDAQ
NTGR,NASDAQ
NTIC,NASDAQ
NTLA,NASDAQ
NTNX,NASDAQ
NTRA,NASDAQ
NTRI,NASDAQ
NTRS,NASDAQ
NTRSP,NASDAQ
NTWK,NASDAQ
NUAN,NASDAQ
NURO,NASDAQ
NUTR,NASDAQ
NUVA,NASDAQ
NVAX,NASDAQ
NVCN,NASDAQ
NVCR,NASDAQ
NVDA,NASDAQ
NVDQ,NASDAQ
NVEC,NASDAQ
NVEE,NASDAQ
NVET,NASDAQ
NVFY,NASDAQ
NVGN,NASDAQ
NVIV,NASDAQ
NVLN,NASDAQ
NVLS,NASDAQ
NVMI,NASDAQ
NVTR,NASDAQ
NWBI,NASDAQ
NWFL,NASDAQ
NWLI,NASDAQ
NWPX,NASDAQ
NWS,NASDAQ
NWSA,NASDAQ
NXEO,NASDAQ
NXEOW,NASDAQ
NXPI,NASDAQ
NXST,NASDAQ
NXTD,NASDAQ
NXTDW,NASDAQ
NXTM,NASDAQ
NYMT,NASDAQ
NYMTO,NASDAQ
NYMTP,NASDAQ
NYMX,NASDAQ
NYNY,NASDAQ
OACQR,NASDAQ
OACQW,NASDAQ
OASM,NASDAQ
OBCI,NASDAQ
OBLN,NASDAQ
OCC,NASDAQ
OCFC,NASDAQ
OCLR,NASDAQ
OCRX,NASDAQ
OCUL,NASDAQ
ODFL,NASDAQ
ODP,NASDAQ
OESX,NASDAQ
OFIX,NASDAQ
OFLX,NASDAQ
OFS,NASDAQ
OGXI,NASDAQ
OHAI,NASDAQ
OHGI,NASDAQ
OHRP,NASDAQ
OIIM,NASDAQ
OKSB,NASDAQ
OLBK,NASDAQ
OLD,NASDAQ
OLED,NASDAQ
OLLI,NASDAQ
OMAB,NASDAQ
OMCL,NASDAQ
OMED,NASDAQ
OMER,NASDAQ
OMEX,NASDAQ
ON,NASDAQ
ONB,NASDAQ
ONCE,NASDAQ
ONCS,NASDAQ
ONEQ,NASDAQ
ONS,NASDAQ
ONSIW,NASDAQ
ONSIZ,NASDAQ
ONTX,NASDAQ
ONVO,NASDAQ
OPB,NASDAQ
OPGN,NASDAQ
OPGNW,NASDAQ
OPHC,NASDAQ
OPHT,NASDAQ
OPK,NASDAQ
OPOF,NASDAQ
OPTT,NASDAQ
OPXA,NASDAQ
OPXAW,NASDAQ
ORBC,NASDAQ
ORBK,NASDAQ
OREX,NASDAQ
ORIG,NASDAQ
ORIT,NASDAQ
ORLY,NASDAQ
ORMP,NASDAQ
ORPN,NASDAQ
ORRF,NASDAQ
OSBC,NASDAQ
OSIR,NASDAQ
OSIS,NASDAQ
OSM,NASDAQ
OSN,NASDAQ
OSTK,NASDAQ
OSUR,NASDAQ
OTEL,NASDAQ
OTEX,NASDAQ
OTIC,NASDAQ
OTIV,NASDAQ
OTTR,NASDAQ
OTTW,NASDAQ
OVAS,NASDAQ
OVBC,NASDAQ
OVLY,NASDAQ
OXBR,NASDAQ
OXBRW,NASDAQ
OXFD,NASDAQ
OXLC,NASDAQ
OXLCN,NASDAQ
OZRK,NASDAQ
PAAS,NASDAQ
PACB,NASDAQ
PACE,NASDAQ
PACEU,NASDAQ
PACEW,NASDAQ
PACW,NASDAQ
PAGG,NASDAQ
PAHC,NASDAQ
PANL,NASDAQ
PATK,NASDAQ
PAVM,NASDAQ
PAYX,NASDAQ
PBBI,NASDAQ
PBCT,NASDAQ
PBCTP,NASDAQ
PBHC,NASDAQ
PBIB,NASDAQ
PBIP,NASDAQ
PBMD,NASDAQ
PBNC,NASDAQ
PBPB,NASDAQ
PBYI,NASDAQ
PCAR,NASDAQ
PCBK,NASDAQ
PCH,NASDAQ
PCLN,NASDAQ
PCMI,NASDAQ
PCO,NASDAQ
PCOM,NASDAQ
PCRX,NASDAQ
PCTI,NASDAQ
PCTY,NASDAQ
PCYG,NASDAQ
PCYO,NASDAQ
PDBC,NASDAQ
PDCE,NASDAQ
PDCO,NASDAQ
PDEX,NASDAQ
PDFS,NASDAQ
PDLI,NASDAQ
PDP,NASDAQ
PDVW,NASDAQ
PEBK,NASDAQ
PEBO,NASDAQ
PEGA,NASDAQ
PEGI,NASDAQ
PEIX,NASDAQ
PENN,NASDAQ
PERF,NASDAQ
PERI,NASDAQ
PERY,NASDAQ
PESI,NASDAQ
PETS,NASDAQ
PETX,NASDAQ
PEY,NASDAQ
PEZ,NASDAQ
PFBC,NASDAQ
PFBI,NASDAQ
PFI,NASDAQ
PFIE,NASDAQ
PFIN,NASDAQ
PFIS,NASDAQ
PFLT,NASDAQ
PFM,NASDAQ
PFMT,NASDAQ
PFPT,NASDAQ
PFSW,NASDAQ
PGC,NASDAQ
PGJ,NASDAQ
PGLC,NASDAQ
PGNX,NASDAQ
PHII,NASDAQ
PHIIK,NASDAQ
PHMD,NASDAQ
PHO,NASDAQ
PI,NASDAQ
PICO,NASDAQ
PID,NASDAQ
PIE,NASDAQ
PIH,NASDAQ
PINC,NASDAQ
PIO,NASDAQ
PIRS,NASDAQ
PIZ,NASDAQ
PKBK,NASDAQ
PKOH,NASDAQ
PKW,NASDAQ
PLAB,NASDAQ
PLAY,NASDAQ
PLBC,NASDAQ
PLCE,NASDAQ
PLKI,NASDAQ
PLPC,NASDAQ
PLPM,NASDAQ
PLSE,NASDAQ
PLUG,NASDAQ
PLUS,NASDAQ
PLW,NASDAQ
PLXS,NASDAQ
PMBC,NASDAQ
PMD,NASDAQ
PME,NASDAQ
PMTS,NASDAQ
PNBK,NASDAQ
PNFP,NASDAQ
PNK,NASDAQ
PNNT,NASDAQ
PNQI,NASDAQ
PNRA,NASDAQ
PNTR,NASDAQ
PODD,NASDAQ
POLA,NASDAQ
POOL,NASDAQ
POPE,NASDAQ
POWI,NASDAQ
POWL,NASDAQ
PPBI,NASDAQ
PPC,NASDAQ
PPH,NASDAQ
PPHM,NASDAQ
PPHMP,NASDAQ
PPSI,NASDAQ
PRAA,NASDAQ
PRAH,NASDAQ
PRAN,NASDAQ
PRCP,NASDAQ
PRFT,NASDAQ
PRFZ,NASDAQ
PRGS,NASDAQ
PRGX,NASDAQ
PRIM,NASDAQ
PRKR,NASDAQ
PRMW,NASDAQ
PRN,NASDAQ
PROV,NASDAQ
PRPH,NASDAQ
PRQR,NASDAQ
PRSC,NASDAQ
PRSS,NASDAQ
PRTA,NASDAQ
PRTK,NASDAQ
PRTO,NASDAQ
PRTS,NASDAQ
PRXL,NASDAQ
PRZM,NASDAQ
PSAU,NASDAQ
PSCC,NASDAQ
PSCD,NASDAQ
PSCE,NASDAQ
PSCF,NASDAQ
PSCH,NASDAQ
PSCI,NASDAQ
PSCM,NASDAQ
PSCT,NASDAQ
PSCU,NASDAQ
PSDV,NASDAQ
PSEC,NASDAQ
PSIX,NASDAQ
PSL,NASDAQ
PSMT,NASDAQ
PSTB,NASDAQ
PSTI,NASDAQ
PTC,NASDAQ
PTCT,NASDAQ
PTEN,NASDAQ
PTF,NASDAQ
PTGX,NASDAQ
PTH,NASDAQ
PTI,NASDAQ
PTIE,NASDAQ
PTLA,NASDAQ
PTNR,NASDAQ
PTSI,NASDAQ
PTX,NASDAQ
PTXP,NASDAQ
PUB,NASDAQ
PUI,NASDAQ
PULM,NASDAQ
PVAC,NASDAQ
PVBC,NASDAQ
PVTB,NASDAQ
PVTBP,NASDAQ
PWOD,NASDAQ
PXI,NASDAQ
PXLW,NASDAQ
PXS,NASDAQ
PY,NASDAQ
PYDS,NASDAQ
PYPL,NASDAQ
PYZ,NASDAQ
PZRX,NASDAQ
PZZA,NASDAQ
QABA,NASDAQ
QADA,NASDAQ
QAT,NASDAQ
QBAK,NASDAQ
QCLN,NASDAQ
QCOM,NASDAQ
QCRH,NASDAQ
QDEL,NASDAQ
QGEN,NASDAQ
QINC,NASDAQ
QIWI,NASDAQ
QLYS,NASDAQ
QNST,NASDAQ
QPACW,NASDAQ
QQEW,NASDAQ
QQQ,NASDAQ
QQQX,NASDAQ
QQXT,NASDAQ
QRHC,NASDAQ
QRVO,NASDAQ
QSII,NASDAQ
QTEC,NASDAQ
QTNA,NASDAQ
QTNT,NASDAQ
QUIK,NASDAQ
QUMU,NASDAQ
QUNR,NASDAQ
QURE,NASDAQ
QVCA,NASDAQ
QYLD,NASDAQ
RADA,NASDAQ
RAIL,NASDAQ
RAND,NASDAQ
RARE,NASDAQ
RARX,NASDAQ
RAVE,NASDAQ
RAVN,NASDAQ
RBCAA,NASDAQ
RBCN,NASDAQ
RBPAA,NASDAQ
RCII,NASDAQ
RCKY,NASDAQ
RCMT,NASDAQ
RCON,NASDAQ
RDCM,NASDAQ
RDHL,NASDAQ
RDI,NASDAQ
RDNT,NASDAQ
RDUS,NASDAQ
RDVY,NASDAQ
RDWR,NASDAQ
RECN,NASDAQ
REFR,NASDAQ
REGI,NASDAQ
REGN,NASDAQ
REIS,NASDAQ
RELL,NASDAQ
RELV,NASDAQ
RELY,NASDAQ
REPH,NASDAQ
RESN,NASDAQ
RETA,NASDAQ
REXX,NASDAQ
RFAP,NASDAQ
RFDI,NASDAQ
RFEM,NASDAQ
RFEU,NASDAQ
RFIL,NASDAQ
RGCO,NASDAQ
RGEN,NASDAQ
RGLD,NASDAQ
RGLS,NASDAQ
RGNX,NASDAQ
RGSE,NASDAQ
RIBT,NASDAQ
RIBTW,NASDAQ
RICK,NASDAQ
RIGL,NASDAQ
RILY,NASDAQ
RILYL,NASDAQ
RKDA,NASDAQ
RLJE,NASDAQ
RLOG,NASDAQ
RMBS,NASDAQ
RMCF,NASDAQ
RMGN,NASDAQ
RMR,NASDAQ
RMTI,NASDAQ
RNDB,NASDAQ
RNET,NASDAQ
RNST,NASDAQ
RNVA,NASDAQ
RNVAZ,NASDAQ
RNWK,NASDAQ
ROBO,NASDAQ
ROCK,NASDAQ
ROIAK,NASDAQ
ROIC,NASDAQ
ROKA,NASDAQ
ROLL,NASDAQ
ROSG,NASDAQ
ROST,NASDAQ
RP,NASDAQ
RPD,NASDAQ
RPRX,NASDAQ
RPXC,NASDAQ
RRGB,NASDAQ
RRR,NASDAQ
RSYS,NASDAQ
RTIX,NASDAQ
RTK,NASDAQ
RTNB,NASDAQ
RTRX,NASDAQ
RTTR,NASDAQ
RUN,NASDAQ
RUSHA,NASDAQ
RUSHB,NASDAQ
RUTH,NASDAQ
RVEN,NASDAQ
RVLT,NASDAQ
RVNC,NASDAQ
RVSB,NASDAQ
RWLK,NASDAQ
RXDX,NASDAQ
RXII,NASDAQ
RXIIW,NASDAQ
RYAAY,NASDAQ
SABR,NASDAQ
SAEX,NASDAQ
SAFM,NASDAQ
SAFT,NASDAQ
SAGE,NASDAQ
SAIA,NASDAQ
SAJA,NASDAQ
SAL,NASDAQ
SALE,NASDAQ
SALM,NASDAQ
SAMG,NASDAQ
SANM,NASDAQ
SANW,NASDAQ
SASR,NASDAQ
SATS,NASDAQ
SAUC,NASDAQ
SAVE,NASDAQ
SBAC,NASDAQ
SBBP,NASDAQ
SBBX,NASDAQ
SBCF,NASDAQ
SBCP,NASDAQ
SBFG,NASDAQ
SBGI,NASDAQ
SBLK,NASDAQ
SBLKL,NASDAQ
SBNY,NASDAQ
SBOT,NASDAQ
SBPH,NASDAQ
SBRA,NASDAQ
SBRAP,NASDAQ
SBSI,NASDAQ
SBUX,NASDAQ
SCACW,NASDAQ
SCAI,NASDAQ
SCHL,NASDAQ
SCHN,NASDAQ
SCKT,NASDAQ
SCLN,NASDAQ
SCMP,NASDAQ
SCON,NASDAQ
SCOR,NASDAQ
SCSC,NASDAQ
SCSS,NASDAQ
SCVL,NASDAQ
SCWX,NASDAQ
SCYX,NASDAQ
SCZ,NASDAQ
SEAC,NASDAQ
SEDG,NASDAQ
SEED,NASDAQ
SEIC,NASDAQ
SELB,NASDAQ
SELF,NASDAQ
SENEA,NASDAQ
SEV,NASDAQ
SFBS,NASDAQ
SFLY,NASDAQ
SFM,NASDAQ
SFNC,NASDAQ
SFST,NASDAQ
SGBK,NASDAQ
SGC,NASDAQ
SGEN,NASDAQ
SGMA,NASDAQ
SGMO,NASDAQ
SGMS,NASDAQ
SGNL,NASDAQ
SGOC,NASDAQ
SGRP,NASDAQ
SGRY,NASDAQ
SGYP,NASDAQ
SHBI,NASDAQ
SHEN,NASDAQ
SHIP,NASDAQ
SHIPW,NASDAQ
SHLD,NASDAQ
SHLDW,NASDAQ
SHLM,NASDAQ
SHLO,NASDAQ
SHOO,NASDAQ
SHOR,NASDAQ
SHOS,NASDAQ
SHPG,NASDAQ
SHSP,NASDAQ
SIEB,NASDAQ
SIEN,NASDAQ
SIFI,NASDAQ
SIFY,NASDAQ
SIGI,NASDAQ
SIGM,NASDAQ
SILC,NASDAQ
SIMO,NASDAQ
SINA,NASDAQ
SINO,NASDAQ
SIR,NASDAQ
SIRI,NASDAQ
SITO,NASDAQ
SIVB,NASDAQ
SKIS,NASDAQ
SKLN,NASDAQ
SKOR,NASDAQ
SKYS,NASDAQ
SKYW,NASDAQ
SKYY,NASDAQ
SLAB,NASDAQ
SLCT,NASDAQ
SLGN,NASDAQ
SLM,NASDAQ
SLMAP,NASDAQ
SLP,NASDAQ
SLQD,NASDAQ
SLRC,NASDAQ
SLVO,NASDAQ
SMBC,NASDAQ
SMBK,NASDAQ
SMCI,NASDAQ
SMCP,NASDAQ
SMED,NASDAQ
SMIT,NASDAQ
SMMF,NASDAQ
SMMT,NASDAQ
SMRT,NASDAQ
SMSI,NASDAQ
SMTC,NASDAQ
SMTX,NASDAQ
SNAK,NASDAQ
SNBC,NASDAQ
SNC,NASDAQ
SNCR,NASDAQ
SND,NASDAQ
SNDE,NASDAQ
SNDX,NASDAQ
SNES,NASDAQ
SNFCA,NASDAQ
SNGX,NASDAQ
SNH,NASDAQ
SNHNI,NASDAQ
SNHNL,NASDAQ
SNHY,NASDAQ
SNI,NASDAQ
SNLN,NASDAQ
SNMX,NASDAQ
SNOA,NASDAQ
SNOAW,NASDAQ
SNPS,NASDAQ
SNSR,NASDAQ
SNSS,NASDAQ
SOCL,NASDAQ
SODA,NASDAQ
SOFO,NASDAQ
SOHO,NASDAQ
SOHOB,NASDAQ
SOHU,NASDAQ
SONA,NASDAQ
SONC,NASDAQ
SONS,NASDAQ
SORL,NASDAQ
SOXX,NASDAQ
SP,NASDAQ
SPAN,NASDAQ
SPAR,NASDAQ
SPCB,NASDAQ
SPEX,NASDAQ
SPHS,NASDAQ
SPI,NASDAQ
SPIL,NASDAQ
SPKE,NASDAQ
SPLK,NASDAQ
SPLS,NASDAQ
SPNC,NASDAQ
SPNE,NASDAQ
SPNS,NASDAQ
SPOK,NASDAQ
SPPI,NASDAQ
SPRT,NASDAQ
SPSC,NASDAQ
SPTN,NASDAQ
SPU,NASDAQ
SPWH,NASDAQ
SPWR,NASDAQ
SQBG,NASDAQ
SQQQ,NASDAQ
SRAX,NASDAQ
SRCE,NASDAQ
SRCL,NASDAQ
SRCLP,NASDAQ
SRDX,NASDAQ
SRET,NASDAQ
SREV,NASDAQ
SRNE,NASDAQ
SRPT,NASDAQ
SRRA,NASDAQ
SRSC,NASDAQ
SRTS,NASDAQ
SSB,NASDAQ
SSBI,NASDAQ
SSFN,NASDAQ
SSH,NASDAQ
SSKN,NASDAQ
SSNC,NASDAQ
SSRI,NASDAQ
SSYS,NASDAQ
STAA,NASDAQ
STAF,NASDAQ
STB,NASDAQ
STBA,NASDAQ
STBZ,NASDAQ
STDY,NASDAQ
STFC,NASDAQ
STKL,NASDAQ
STKS,NASDAQ
STLD,NASDAQ
STLRW,NASDAQ
STLY,NASDAQ
STML,NASDAQ
STMP,NASDAQ
STPP,NASDAQ
STRA,NASDAQ
STRL,NASDAQ
STRM,NASDAQ
STRS,NASDAQ
STRT,NASDAQ
STX,NASDAQ
SUMR,NASDAQ
SUNS,NASDAQ
SUNW,NASDAQ
SUPN,NASDAQ
SVA,NASDAQ
SVBI,NASDAQ
SVVC,NASDAQ
SWIN,NASDAQ
SWIR,NASDAQ
SWKS,NASDAQ
SYBT,NASDAQ
SYKE,NASDAQ
SYMC,NASDAQ
SYMX,NASDAQ
SYNA,NASDAQ
SYNC,NASDAQ
SYNL,NASDAQ
SYNT,NASDAQ
SYPR,NASDAQ
SYRS,NASDAQ
SYRX,NASDAQ
SYUT,NASDAQ
TA,NASDAQ
TACO,NASDAQ
TACOW,NASDAQ
TACT,NASDAQ
TAIT,NASDAQ
TANH,NASDAQ
TANNI,NASDAQ
TANNL,NASDAQ
TANNZ,NASDAQ
TAPR,NASDAQ
TASR,NASDAQ
TAST,NASDAQ
TATT,NASDAQ
TAX,NASDAQ
TBBK,NASDAQ
TBIO,NASDAQ
TBK,NASDAQ
TBNK,NASDAQ
TBPH,NASDAQ
TCBI,NASDAQ
TCBIL,NASDAQ
TCBIP,NASDAQ
TCBK,NASDAQ
TCCO,NASDAQ
TCMD,NASDAQ
TCON,NASDAQ
TCPC,NASDAQ
TCRD,NASDAQ
TCX,NASDAQ
TDIV,NASDAQ
TEAM,NASDAQ
TEAR,NASDAQ
TECD,NASDAQ
TECH,NASDAQ
TEDU,NASDAQ
TENX,NASDAQ
TERP,NASDAQ
TESO,NASDAQ
TESS,NASDAQ
TFSL,NASDAQ
TGA,NASDAQ
TGEN,NASDAQ
TGLS,NASDAQ
TGTX,NASDAQ
THFF,NASDAQ
THLD,NASDAQ
THRM,NASDAQ
THST,NASDAQ
TICC,NASDAQ
TIG,NASDAQ
TIL,NASDAQ
TILE,NASDAQ
TINY,NASDAQ
TIPT,NASDAQ
TISA,NASDAQ
TITN,NASDAQ
TIVO,NASDAQ
TKAI,NASDAQ
TLF,NASDAQ
TLGT,NASDAQ
TLND,NASDAQ
TLT,NASDAQ
TMUS,NASDAQ
TMUSP,NASDAQ
TNAV,NASDAQ
TNDM,NASDAQ
TNGO,NASDAQ
TNXP,NASDAQ
TOPS,NASDAQ
TORM,NASDAQ
TOUR,NASDAQ
TOWN,NASDAQ
TPIC,NASDAQ
TPIV,NASDAQ
TQQQ,NASDAQ
TRCB,NASDAQ
TRCH,NASDAQ
TREE,NASDAQ
TRHC,NASDAQ
TRIB,NASDAQ
TRIL,NASDAQ
TRIP,NASDAQ
TRMB,NASDAQ
TRMK,NASDAQ
TRNC,NASDAQ
TRNS,NASDAQ
TROV,NASDAQ
TROW,NASDAQ
TRS,NASDAQ
TRST,NASDAQ
TRUE,NASDAQ
TRUP,NASDAQ
TRVG,NASDAQ
TRVN,NASDAQ
TSBK,NASDAQ
TSC,NASDAQ
TSCO,NASDAQ
TSEM,NASDAQ
TSLA,NASDAQ
TSRA,NASDAQ
TSRI,NASDAQ
TSRO,NASDAQ
TST,NASDAQ
TTD,NASDAQ
TTEC,NASDAQ
TTEK,NASDAQ
TTGT,NASDAQ
TTMI,NASDAQ
TTNP,NASDAQ
TTOO,NASDAQ
TTPH,NASDAQ
TTS,NASDAQ
TTWO,NASDAQ
TUES,NASDAQ
TUSA,NASDAQ
TUSK,NASDAQ
TUTI,NASDAQ
TUTT,NASDAQ
TVIA,NASDAQ
TVIX,NASDAQ
TVIZ,NASDAQ
TVTY,NASDAQ
TWIN,NASDAQ
TWMC,NASDAQ
TWNK,NASDAQ
TWNKW,NASDAQ
TWOU,NASDAQ
TXN,NASDAQ
TXRH,NASDAQ
TYHT,NASDAQ
TYPE,NASDAQ
TZOO,NASDAQ
UAE,NASDAQ
UBCP,NASDAQ
UBFO,NASDAQ
UBIO,NASDAQ
UBNK,NASDAQ
UBNT,NASDAQ
UBOH,NASDAQ
UBSH,NASDAQ
UBSI,NASDAQ
UCBA,NASDAQ
UCBI,NASDAQ
UCFC,NASDAQ
UCTT,NASDAQ
UDBI,NASDAQ
UEIC,NASDAQ
UEPS,NASDAQ
UFCS,NASDAQ
UFPI,NASDAQ
UFPT,NASDAQ
UG,NASDAQ
UGLD,NASDAQ
UHAL,NASDAQ
UIHC,NASDAQ
ULBI,NASDAQ
ULH,NASDAQ
ULTA,NASDAQ
ULTI,NASDAQ
UMBF,NASDAQ
UMPQ,NASDAQ
UNB,NASDAQ
UNFI,NASDAQ
UNIS,NASDAQ
UNTY,NASDAQ
UNXL,NASDAQ
UPLD,NASDAQ
URBN,NASDAQ
URRE,NASDAQ
USAK,NASDAQ
USAP,NASDAQ
USAT,NASDAQ
USCR,NASDAQ
USEG,NASDAQ
USLB,NASDAQ
USLM,NASDAQ
USLV,NASDAQ
UTEK,NASDAQ
UTHR,NASDAQ
UTMD,NASDAQ
UTSI,NASDAQ
UVSP,NASDAQ
VALU,NASDAQ
VALX,NASDAQ
VASC,NASDAQ
VBIV,NASDAQ
VBLT,NASDAQ
VBND,NASDAQ
VBTX,NASDAQ
VCEL,NASDAQ
VCIT,NASDAQ
VCLT,NASDAQ
VCSH,NASDAQ
VCYT,NASDAQ
VDSI,NASDAQ
VDTH,NASDAQ
VECO,NASDAQ
VGIT,NASDAQ
VGLT,NASDAQ
VGSH,NASDAQ
VIA,NASDAQ
VIAB,NASDAQ
VIAV,NASDAQ
VICL,NASDAQ
VICR,NASDAQ
VIDI,NASDAQ
VIGI,NASDAQ
VIIX,NASDAQ
VIIZ,NASDAQ
VIP,NASDAQ
VIRC,NASDAQ
VIRT,NASDAQ
VISN,NASDAQ
VIVE,NASDAQ
VIVO,NASDAQ
VKTX,NASDAQ
VKTXW,NASDAQ
VLGEA,NASDAQ
VMBS,NASDAQ
VNDA,NASDAQ
VNET,NASDAQ
VNOM,NASDAQ
VNQI,NASDAQ
VNR,NASDAQ
VNRAP,NASDAQ
VNRBP,NASDAQ
VNRCP,NASDAQ
VOD,NASDAQ
VONE,NASDAQ
VONG,NASDAQ
VONV,NASDAQ
VOXX,NASDAQ
VRA,NASDAQ
VRAY,NASDAQ
VRIG,NASDAQ
VRML,NASDAQ
VRNS,NASDAQ
VRNT,NASDAQ
VRSK,NASDAQ
VRSN,NASDAQ
VRTB,NASDAQ
VRTS,NASDAQ
VRTU,NASDAQ
VRTX,NASDAQ
VSAR,NASDAQ
VSAT,NASDAQ
VSEC,NASDAQ
VSTM,NASDAQ
VTGN,NASDAQ
VTHR,NASDAQ
VTIP,NASDAQ
VTL,NASDAQ
VTNR,NASDAQ
VTVT,NASDAQ
VTWG,NASDAQ
VTWO,NASDAQ
VTWV,NASDAQ
VUSE,NASDAQ
VUZI,NASDAQ
VVPR,NASDAQ
VVUS,NASDAQ
VWOB,NASDAQ
VWR,NASDAQ
VXUS,NASDAQ
VYGR,NASDAQ
VYMI,NASDAQ
WABC,NASDAQ
WAFD,NASDAQ
WASH,NASDAQ
WATT,NASDAQ
WAYN,NASDAQ
WB,NASDAQ
WBA,NASDAQ
WBKC,NASDAQ
WBMD,NASDAQ
WCFB,NASDAQ
WCST,NASDAQ
WDC,NASDAQ
WDFC,NASDAQ
WEB,NASDAQ
WEBK,NASDAQ
WEN,NASDAQ
WERN,NASDAQ
WETF,NASDAQ
WEYS,NASDAQ
WFBI,NASDAQ
WFM,NASDAQ
WGBS,NASDAQ
WHF,NASDAQ
WHFBL,NASDAQ
WHLR,NASDAQ
WHLRD,NASDAQ
WHLRP,NASDAQ
WHLRW,NASDAQ
WIFI,NASDAQ
WILC,NASDAQ
WILN,NASDAQ
WIN,NASDAQ
WINA,NASDAQ
WING,NASDAQ
WINS,NASDAQ
WINT,NASDAQ
WIRE,NASDAQ
WIX,NASDAQ
WKHS,NASDAQ
WLB,NASDAQ
WLDN,NASDAQ
WLFC,NASDAQ
WLTW,NASDAQ
WMAR,NASDAQ
WMGI,NASDAQ
WMGIZ,NASDAQ
WMIH,NASDAQ
WNEB,NASDAQ
WOOD,NASDAQ
WOOF,NASDAQ
WPCS,NASDAQ
WPPGY,NASDAQ
WPRT,NASDAQ
WRLD,NASDAQ
WSBC,NASDAQ
WSBF,NASDAQ
WSCI,NASDAQ
WSFS,NASDAQ
WSFSL,NASDAQ
WSTC,NASDAQ
WSTG,NASDAQ
WSTL,NASDAQ
WTBA,NASDAQ
WTFC,NASDAQ
WTFCM,NASDAQ
WTFCW,NASDAQ
WVE,NASDAQ
WVVI,NASDAQ
WWD,NASDAQ
WYIGU,NASDAQ
WYNN,NASDAQ
XBIO,NASDAQ
XBIT,NASDAQ
XBKS,NASDAQ
XCRA,NASDAQ
XELB,NASDAQ
XENE,NASDAQ
XENT,NASDAQ
XGTI,NASDAQ
XIV,NASDAQ
XLNX,NASDAQ
XLRN,NASDAQ
XNCR,NASDAQ
XNET,NASDAQ
XOG,NASDAQ
XOMA,NASDAQ
XONE,NASDAQ
XPLR,NASDAQ
XRAY,NASDAQ
XRDC,NASDAQ
XTLB,NASDAQ
XXIA,NASDAQ
YDIV,NASDAQ
YECO,NASDAQ
YHOO,NASDAQ
YIN,NASDAQ
YLCO,NASDAQ
YNDX,NASDAQ
YORW,NASDAQ
YRCW,NASDAQ
YTEN,NASDAQ
YTRA,NASDAQ
YY,NASDAQ
Z,NASDAQ
ZAGG,NASDAQ
ZAIS,NASDAQ
ZBIO,NASDAQ
ZBRA,NASDAQ
ZEUS,NASDAQ
ZFGN,NASDAQ
ZG,NASDAQ
ZGNX,NASDAQ
ZION,NASDAQ
ZIONW,NASDAQ
ZIOP,NASDAQ
ZIV,NASDAQ
ZIXI,NASDAQ
ZLTQ,NASDAQ
ZN,NASDAQ
ZNGA,NASDAQ
ZSAN,NASDAQ
ZUMZ,NASDAQ
ZYNE,NASDAQ